depth,vsh,phit,sw,perm
1920.0,0.4496,0.1503,0.1996,274.0961
1920.2,0.2829,0.1385,0.4028,317.0851
1920.4,0.5512,0.1339,0.7842,236.237
1920.6,0.341,0.186,0.5132,174.0005
1920.8,0.4558,,0.3024,91.5816
1921.0,0.2513,0.2125,0.5625,1840.0738
1921.2,0.6437,0.1234,0.6668,153.7256
1921.4,0.4609,0.163,0.6288,346.0806
1921.6,0.4707,0.1499,0.5317,43.4702
1921.8,0.5744,0.1207,0.7363,202.9147
1922.0,0.2623,0.1942,0.4313,1750.1845
1922.2,0.3577,0.1608,0.6309,301.2508
1922.4,0.4755,0.1406,0.5783,180.0699
1922.6,0.1857,0.148,0.5351,266.9874
1922.8,0.2018,0.2194,0.4696,3724.9201
1923.0,0.3268,0.177,0.4919,500.0045
1923.2,0.2789,0.2053,0.5369,806.3532
1923.4,0.3984,0.1798,0.4984,591.8398
1923.6,0.5284,0.1724,0.6552,367.52
1923.8,0.5625,0.1345,0.4801,129.9297
1924.0,0.7214,0.0973,0.8106,13.7448
1924.2,0.4466,0.1763,0.4566,592.204
1924.4,0.4732,0.1601,0.6882,593.2101
1924.6,0.4463,0.1518,0.698,423.9313
1924.8,0.498,0.1691,0.5715,652.6088
1925.0,0.5098,0.1589,0.5622,245.8094
1925.2,0.5883,0.1551,0.4428,254.1868
1925.4,0.5877,0.122,0.4879,209.4498
1925.6,0.5279,0.1699,0.5793,628.9752
1925.8,0.6765,,0.5552,325.9706
1926.0,0.454,0.1818,0.719,301.5758
1926.2,0.3583,0.1921,0.4692,399.211
1926.4,0.3828,0.1832,0.4819,396.8227
1926.6,0.4341,0.1605,0.3003,138.9205
1926.8,0.2875,0.1962,0.6323,287.4298
1927.0,0.358,0.195,0.6192,955.2473
1927.2,0.279,0.1953,0.6827,920.0394
1927.4,0.5016,,0.7061,293.7421
1927.6,0.5031,0.1678,0.6654,416.9648
1927.8,0.1847,0.1851,0.6649,191.5189
1928.0,0.3519,0.2038,0.6242,633.7992
1928.2,0.7238,0.0908,0.6925,31.7582
1928.4,0.5445,0.1488,0.2784,199.6975
1928.6,0.5182,0.1435,0.3919,60.7982
1928.8,0.3504,0.1609,0.3604,142.192
1929.0,0.4931,0.161,0.7404,200.0991
1929.2,0.4478,0.1384,0.4414,300.6208
1929.4,0.3305,0.2194,0.433,1627.5403
1929.6,0.3759,0.1433,0.5579,336.1158
1929.8,0.3793,0.1509,0.3673,187.9906
1930.0,0.2267,0.1692,0.6037,339.0325
1930.2,0.2515,0.1908,0.2184,869.0443
1930.4,0.4201,,0.3637,462.2971
1930.6,0.3228,0.1879,0.5689,369.4098
1930.8,0.4049,0.196,0.3496,254.1705
1931.0,0.2092,0.1758,0.7388,269.6396
1931.2,0.5702,0.1579,0.558,442.338
1931.4,0.7621,0.1133,0.7387,173.0739
1931.6,0.6041,0.1448,0.61,101.3635
1931.8,0.6196,0.1604,0.5483,80.2689
1932.0,0.5439,0.1144,0.419,141.3421
1932.2,0.4898,0.1952,0.6755,729.0016
1932.4,0.463,0.156,0.618,92.826
1932.6,0.3128,0.1466,0.8683,21.1672
1932.8,0.5535,0.1331,0.6853,64.2593
1933.0,0.5446,0.1502,0.4946,145.5503
1933.2,0.3805,0.1559,0.5953,106.0175
1933.4,0.5289,0.1092,0.6339,104.3035
1933.6,0.3459,0.1763,0.7182,235.2571
1933.8,0.3555,0.1586,0.7491,255.5344
1934.0,0.5663,0.1583,0.5266,1292.2762
1934.2,0.5146,0.1307,0.3796,126.9791
1934.4,0.4152,0.2104,0.252,978.1862
1934.6,0.3979,0.1778,0.3722,402.9008
1934.8,0.4762,0.1611,0.461,430.1392
1935.0,0.1747,0.2094,0.7561,1500.9503
1935.2,0.3363,,0.7865,73.9634
1935.4,0.2602,0.1757,0.688,305.6146
1935.6,0.4518,0.196,0.7204,448.8591
1935.8,0.6133,0.1326,0.4551,101.606
1936.0,0.5216,0.1499,0.327,702.6438
1936.2,0.3733,0.1614,0.3987,418.7996
1936.4,0.344,0.2039,0.2275,836.8364
1936.6,0.3369,0.1706,0.3789,833.6161
1936.8,0.7499,0.096,0.5,51.0731
1937.0,0.4602,0.2108,0.5549,345.5643
1937.2,0.48,0.1291,0.5829,353.9346
1937.4,0.1333,0.2005,0.4306,721.9605
1937.6,0.2729,0.1671,0.6327,67.4454
1937.8,0.4434,0.1474,0.4547,61.5778
1938.0,0.3753,0.1493,0.556,426.0977
1938.2,0.47,0.1472,0.3889,61.797
1938.4,0.468,0.1779,0.7064,1095.6003
1938.6,0.5401,0.1107,0.5731,71.182
1938.8,0.1696,0.2228,0.6269,2443.8518
1939.0,0.2842,0.2043,0.3501,748.128
1939.2,0.4351,0.1728,0.5713,537.0956
1939.4,0.3529,0.1759,0.6297,508.4802
1939.6,0.4035,0.1723,0.2387,359.5475
1939.8,0.4664,,0.7147,265.0223
1940.0,0.3383,0.1404,0.3707,196.2304
1940.2,0.4788,0.1713,0.5773,102.5555
1940.4,0.5316,0.1349,0.8284,250.2179
1940.6,0.4598,0.1758,0.6871,466.6756
1940.8,0.5581,0.1341,0.3371,176.9905
1941.0,0.1241,0.2178,0.5004,212.8471
1941.2,0.3621,0.1412,0.7428,71.959
1941.4,0.5838,,0.4481,45.4187
1941.6,0.3203,0.1755,0.4901,642.0054
1941.8,0.3,0.2091,0.4724,532.7187
1942.0,0.4311,0.1738,0.6302,2240.3234
1942.2,0.4474,0.1715,0.3151,301.5148
1942.4,0.3698,0.1884,0.6328,285.6879
1942.6,0.7265,0.1162,0.4744,68.8395
1942.8,0.493,0.1671,0.5457,166.1213
1943.0,0.3146,0.1669,0.5138,140.3786
1943.2,0.2341,0.1828,0.6311,993.4758
1943.4,0.5108,,0.5516,274.9434
1943.6,0.311,0.168,0.7631,469.1069
1943.8,0.7729,0.1167,0.716,191.8278
1944.0,0.5142,0.147,0.4361,257.2933
1944.2,0.534,0.1354,0.7649,63.6926
1944.4,0.4873,0.1529,0.601,352.3389
1944.6,0.6182,0.1415,0.5831,72.4425
1944.8,0.0907,0.186,0.6671,388.1109
1945.0,0.2695,0.1928,0.381,630.3345
1945.2,0.6051,0.1303,0.3552,104.4363
1945.4,0.6751,0.1349,0.564,38.0957
1945.6,0.2647,0.1718,0.4546,186.5307
1945.8,0.1772,0.2176,0.8383,1272.5448
1946.0,0.4751,0.1764,0.429,271.4305
1946.2,0.5228,0.13,0.5683,249.9712
1946.4,0.4721,0.1682,0.5758,808.03
1946.6,0.4411,0.1907,0.7226,283.3722
1946.8,0.1722,0.1783,0.3937,454.5318
1947.0,0.3937,0.1506,0.3122,606.1339
1947.2,0.4161,0.1798,0.7515,414.0216
1947.4,0.3678,0.1453,0.5682,132.326
1947.6,0.1622,0.183,0.6625,900.6487
1947.8,0.5377,0.1287,0.6913,91.7247
1948.0,0.5799,0.1584,0.7054,605.5529
1948.2,0.3308,0.1625,0.4926,186.8101
1948.4,0.4221,0.1586,0.4535,182.266
1948.6,0.3755,,0.2526,400.604
1948.8,0.3769,0.1932,0.3877,705.9326
1949.0,0.524,0.1336,0.5701,136.8651
1949.2,0.5276,0.1222,0.4601,24.7549
1949.4,0.6112,0.1104,0.399,52.3095
1949.6,0.6081,0.1536,0.5604,400.3834
1949.8,0.4242,0.1793,0.744,261.0452
1950.0,0.8763,0.1293,0.5541,182.713
1950.2,0.6825,0.1047,0.4024,68.6586
1950.4,0.3513,0.169,0.7375,293.879
1950.6,0.469,0.2066,0.4155,2437.8018
1950.8,0.1521,0.1939,0.7586,530.2981
1951.0,0.4541,,0.5153,160.1258
1951.2,0.7011,0.127,0.5789,91.4422
1951.4,0.8672,,0.8019,82.7385
1951.6,0.4318,0.1733,0.3422,644.5833
1951.8,0.5002,0.1417,0.4001,57.3326
1952.0,0.5408,0.1369,0.5105,253.1529
1952.2,0.747,0.1155,0.5471,80.5567
1952.4,0.3026,0.1655,0.9444,448.4812
1952.6,0.8483,0.0833,0.4477,164.9917
1952.8,0.4024,0.203,0.3374,606.6616
1953.0,0.2745,0.1756,0.4036,173.8463
1953.2,0.4027,0.1598,0.5851,299.3556
1953.4,0.3286,0.1702,0.6199,445.2782
1953.6,0.5129,0.1507,0.4479,371.3174
1953.8,0.2021,0.202,0.5366,578.9461
1954.0,0.4712,0.1485,0.8466,107.8619
1954.2,0.5496,0.1702,0.5514,121.0583
1954.4,0.6724,0.1432,0.6051,64.2845
1954.6,0.5521,0.1433,0.8403,124.4181
1954.8,0.6632,0.1191,0.4619,78.4573
1955.0,0.3591,0.1943,0.422,2825.0703
1955.2,0.5091,0.1496,0.484,61.2175
1955.4,0.1156,0.1799,0.4631,574.4132
1955.6,0.4329,0.1833,0.2678,303.0807
1955.8,0.508,0.1384,0.5796,168.9854
1956.0,0.5216,0.1685,0.5794,227.1323
1956.2,0.2139,0.1415,0.5298,322.3977
1956.4,0.3915,0.161,0.587,549.7706
1956.6,0.4124,0.1888,0.5775,538.5709
1956.8,0.3856,0.1692,0.3491,916.4593
1957.0,0.5588,0.1582,0.5943,423.1786
1957.2,0.4175,0.1469,0.6393,478.6549
1957.4,0.4649,0.1656,0.3084,297.9257
1957.6,0.3766,0.1704,0.7656,676.0422
1957.8,0.6097,0.1444,0.3711,100.4891
1958.0,0.6209,0.1788,0.372,242.6875
1958.2,0.4037,0.1928,0.5674,2934.3452
1958.4,0.8776,0.12,0.6464,41.1355
1958.6,0.335,0.1919,0.6541,469.4529
1958.8,0.6011,0.1225,0.6494,25.1357
1959.0,0.3073,0.17,0.4683,193.332
1959.2,0.566,0.1146,0.5847,37.7954
1959.4,0.5543,0.1214,0.5182,57.0531
1959.6,0.2982,,0.5752,350.5791
1959.8,0.4304,0.1626,0.5595,410.7258
1960.0,0.7302,0.0991,0.4989,24.3995
1960.2,0.3279,0.1759,0.4918,236.7976
1960.4,0.5103,0.1496,0.2766,416.68
1960.6,0.5003,0.1313,0.6863,386.2443
1960.8,0.4437,0.1919,0.5821,1514.1271
1961.0,0.1903,0.1684,0.2009,106.3484
1961.2,0.5743,0.1665,0.6666,716.6363
1961.4,0.4517,0.1153,0.5602,275.1188
1961.6,0.6156,0.1359,0.4194,41.8799
1961.8,0.4848,0.1321,0.4076,256.7524
1962.0,0.4597,0.1462,0.4525,210.0767
1962.2,0.5059,0.1894,0.3987,473.1295
1962.4,0.3019,0.1732,0.4254,407.7744
1962.6,0.6837,0.1077,0.8263,84.1164
1962.8,0.3937,0.1778,0.5988,956.5476
1963.0,0.3956,0.1607,0.8554,575.1349
1963.2,0.6438,0.138,0.5929,50.6108
1963.4,0.4871,0.1374,0.6462,90.0245
1963.6,0.4145,0.148,0.4229,201.2789
1963.8,0.5121,0.1367,0.5344,408.7884
1964.0,0.5439,,0.5363,44.8583
1964.2,0.4322,0.1584,0.6439,165.0546
1964.4,0.5883,0.1214,0.5583,31.4851
1964.6,0.2594,0.189,0.5913,227.5659
1964.8,0.4893,0.157,0.5988,478.3983
1965.0,0.57,0.1562,0.5063,164.1175
1965.2,0.5433,0.1387,0.4979,29.0884
1965.4,0.1138,0.2034,0.4325,782.5723
1965.6,0.431,0.1715,0.708,1476.5192
1965.8,0.2679,0.1645,0.5031,85.3892
1966.0,0.6429,0.1529,0.6024,312.0868
1966.2,0.3914,0.1687,0.5233,986.9195
1966.4,0.6262,0.1153,0.7275,73.964
1966.6,0.2674,0.1625,0.251,1068.4356
1966.8,0.5086,0.1509,0.5993,129.5938
1967.0,0.4512,0.1494,0.3662,533.3854
1967.2,0.8646,0.121,0.6245,206.3212
1967.4,0.6267,0.1315,0.5396,117.1505
1967.6,0.6171,0.1446,0.3346,61.5334
1967.8,0.7542,0.1035,0.6235,27.6188
1968.0,0.4926,0.1545,0.5861,44.7715
1968.2,0.4351,0.1889,0.504,880.6763
1968.4,0.418,0.1619,0.5338,384.302
1968.6,0.4992,0.143,0.5812,173.926
1968.8,0.0345,0.1982,0.7117,693.8311
1969.0,0.4503,0.1602,0.503,675.1805
1969.2,0.484,0.1843,0.6925,632.2507
1969.4,0.4266,0.1364,0.5541,93.4488
1969.6,0.2204,0.1899,0.7326,665.4752
1969.8,0.4275,0.1293,0.5273,463.1519
1970.0,0.2199,0.1828,0.4412,758.1509
1970.2,0.7161,0.1307,0.3973,89.5044
1970.4,0.4114,0.1341,0.5555,124.6564
1970.6,0.1406,0.1925,0.4182,890.344
1970.8,0.419,0.1705,0.7567,262.8245
1971.0,0.5843,0.1455,0.4254,123.8977
1971.2,0.4764,0.1639,0.4452,290.6145
1971.4,0.3129,0.1592,0.6377,734.7778
1971.6,0.3483,0.1798,0.7202,785.725
1971.8,0.407,0.1543,0.6622,169.2366
1972.0,0.3841,0.1836,0.6996,919.888
1972.2,0.2611,0.1393,0.5465,149.4475
1972.4,0.4399,,0.5419,300.0071
1972.6,0.2499,0.189,0.8404,698.0924
1972.8,0.5924,0.1688,0.8003,78.0717
1973.0,0.6107,0.1411,0.6649,19.0242
1973.2,0.2995,0.1842,0.7065,600.8033
1973.4,0.3425,0.1823,0.6701,270.2302
1973.6,0.3865,0.194,0.3557,217.1036
1973.8,0.4453,0.1536,0.5469,124.8623
1974.0,0.4885,0.1275,0.7878,202.6849
1974.2,0.5195,0.1195,0.6745,110.1121
1974.4,0.516,0.1652,0.5386,517.1986
1974.6,0.6831,0.1343,0.7868,176.8072
1974.8,0.4591,0.1543,0.6079,119.038
1975.0,0.2546,0.1747,0.6577,674.482
1975.2,0.2086,0.1961,0.592,1068.2263
1975.4,0.6954,0.1324,0.6425,113.1425
1975.6,0.5264,0.1601,0.6421,274.7369
1975.8,0.481,0.1343,0.7555,223.7725
1976.0,0.5174,0.1164,0.7822,47.0161
1976.2,0.474,0.1392,0.4909,313.5007
1976.4,0.515,0.125,0.6176,147.7514
1976.6,0.3941,0.1399,0.7489,151.2524
1976.8,0.6083,0.1711,0.5261,1029.4208
1977.0,0.3713,0.1257,0.3676,41.6417
1977.2,0.3145,0.1879,0.4028,413.5183
1977.4,0.1964,0.2122,0.4034,694.9427
1977.6,0.4143,0.1851,0.4715,673.1351
1977.8,0.6401,0.141,0.4459,352.6152
1978.0,0.3814,0.1961,0.6902,361.192
1978.2,0.2432,0.2236,0.4833,14941.9862
1978.4,0.4927,,0.7438,122.5075
1978.6,0.3523,0.1824,0.3717,627.3241
1978.8,0.6822,0.1555,0.4991,232.4493
1979.0,0.6112,0.1221,0.581,95.2472
1979.2,0.2594,0.1809,0.6635,270.8091
1979.4,0.4239,0.1515,0.7252,435.0951
1979.6,0.3367,0.1848,0.4596,289.1418
1979.8,0.2759,0.1456,0.705,52.0851
1980.0,0.4416,0.1904,0.2858,280.9838
1980.2,0.5727,0.1551,0.6829,623.0082
1980.4,0.4377,0.174,0.3435,919.0531
1980.6,0.0,,0.2464,15000.0
1980.8,0.2814,0.2451,0.2478,15000.0
1981.0,0.0018,0.3142,0.4839,15000.0
1981.2,0.1973,0.3124,0.5368,15000.0
1981.4,0.0792,0.2856,0.136,15000.0
1981.6,0.2891,0.2444,0.4373,15000.0
1981.8,0.2555,0.2447,0.4704,15000.0
1982.0,0.298,0.287,0.205,15000.0
1982.2,0.1705,0.2638,0.3031,15000.0
1982.4,0.1809,0.302,0.2751,15000.0
1982.6,0.0501,0.3054,0.5711,15000.0
1982.8,0.097,0.2891,0.5479,15000.0
1983.0,0.7154,0.1856,0.2804,10136.2903
1983.2,0.2367,0.2862,0.1756,15000.0
1983.4,0.2104,0.2712,0.4495,15000.0
1983.6,0.3262,0.2677,0.4234,15000.0
1983.8,0.07,0.3168,0.4877,15000.0
1984.0,0.272,0.2887,0.2226,15000.0
1984.2,0.0821,0.3256,0.4218,15000.0
1984.4,0.3478,0.2676,0.2703,15000.0
1984.6,0.2544,0.2583,0.4367,15000.0
1984.8,0.2965,0.2819,0.348,15000.0
1985.0,0.1298,0.3124,0.5683,15000.0
1985.2,0.4182,0.2495,0.4191,15000.0
1985.4,0.3999,0.2503,0.3274,15000.0
1985.6,0.243,0.3306,0.3495,15000.0
1985.8,0.3175,0.2433,0.3558,15000.0
1986.0,0.1698,0.3027,0.2056,15000.0
1986.2,0.0732,0.3292,0.5645,15000.0
1986.4,0.2796,0.2684,0.5497,15000.0
1986.6,0.1081,0.2993,0.3243,15000.0
1986.8,0.331,0.259,0.4456,15000.0
1987.0,0.3048,0.2712,0.6029,15000.0
1987.2,0.2235,0.3022,0.4927,15000.0
1987.4,0.2179,0.2812,0.3158,15000.0
1987.6,0.2989,0.3344,0.3209,15000.0
1987.8,0.2275,0.2746,0.1493,15000.0
1988.0,0.1596,0.322,0.4294,15000.0
1988.2,0.0485,0.3231,0.4851,15000.0
1988.4,0.2959,0.2748,0.5052,15000.0
1988.6,0.2366,0.3116,0.4247,15000.0
1988.8,0.4756,0.2119,0.4227,15000.0
1989.0,0.1904,0.298,0.2262,15000.0
1989.2,0.2302,0.2688,0.396,15000.0
1989.4,0.2326,0.2741,0.2798,15000.0
1989.6,0.2651,0.2679,0.4211,15000.0
1989.8,0.1033,0.2842,0.2599,15000.0
1990.0,0.1923,0.2562,0.425,15000.0
1990.2,0.2828,0.2825,0.511,15000.0
1990.4,0.1667,0.292,0.3937,15000.0
1990.6,0.279,0.2693,0.3969,15000.0
1990.8,0.786,,0.491,15000.0
1991.0,0.2402,0.2906,0.5614,15000.0
1991.2,0.3151,0.2642,0.3466,15000.0
1991.4,0.1773,0.3527,0.3867,15000.0
1991.6,0.0548,0.3316,0.5139,15000.0
1991.8,0.1734,0.3412,0.4091,15000.0
1992.0,0.1174,0.2929,0.1078,15000.0
1992.2,0.0,0.325,0.2493,15000.0
1992.4,0.1893,0.2649,0.4493,15000.0
1992.6,0.2199,0.2782,0.3059,15000.0
1992.8,0.3021,0.26,0.534,15000.0
1993.0,0.0861,0.3661,0.5417,15000.0
1993.2,0.2089,0.2727,0.2853,15000.0
1993.4,0.3128,0.2653,0.2352,15000.0
1993.6,0.7817,0.1659,0.3555,3308.6003
1993.8,0.2536,0.2901,0.2989,15000.0
1994.0,0.3598,0.2444,0.5518,15000.0
1994.2,0.0138,0.3362,0.2065,15000.0
1994.4,0.2273,0.2479,0.4551,15000.0
1994.6,0.3163,0.267,0.525,15000.0
1994.8,0.1649,0.2567,0.4608,15000.0
1995.0,0.3387,0.256,0.4152,15000.0
1995.2,0.2634,0.2721,0.3369,15000.0
1995.4,0.3769,0.2477,0.588,15000.0
1995.6,0.2582,0.2687,0.3283,15000.0
1995.8,0.8688,0.2004,0.4988,15000.0
1996.0,0.23,0.3267,0.3155,15000.0
1996.2,0.0632,0.3167,0.1175,15000.0
1996.4,0.1369,0.2809,0.3205,15000.0
1996.6,0.3018,0.273,0.3373,15000.0
1996.8,0.2999,0.2649,0.342,15000.0
1997.0,0.1689,0.3108,0.2617,15000.0
1997.2,0.3804,0.2649,0.4343,15000.0
1997.4,0.1646,0.2621,0.4488,15000.0
1997.6,0.2462,0.3026,0.3075,15000.0
1997.8,0.2434,0.3004,0.3073,15000.0
1998.0,0.067,0.3392,0.2034,15000.0
1998.2,0.189,0.2794,0.3839,15000.0
1998.4,0.438,0.2559,0.5282,15000.0
1998.6,0.1078,0.2791,0.519,15000.0
1998.8,0.2625,0.277,0.2825,15000.0
1999.0,0.0846,0.3144,0.5784,15000.0
1999.2,0.8477,0.1716,0.3531,2866.8677
1999.4,0.0586,0.3175,0.2163,15000.0
1999.6,0.2941,0.2763,0.1913,15000.0
1999.8,0.1129,0.2929,0.2189,15000.0
2000.0,0.8919,0.2052,0.4232,15000.0
2000.2,0.1469,0.2918,0.3176,15000.0
2000.4,0.2128,0.2886,0.2739,15000.0
2000.6,0.8109,0.1609,0.2991,3034.3475
2000.8,0.0383,0.3243,0.2052,15000.0
2001.0,0.2204,,0.2483,15000.0
2001.2,0.235,0.3015,0.4664,15000.0
2001.4,0.314,0.2435,0.5842,15000.0
2001.6,0.104,0.312,0.5642,15000.0
2001.8,0.1183,0.2574,0.4447,15000.0
2002.0,0.266,0.2898,0.2902,15000.0
2002.2,0.3412,0.2619,0.2803,15000.0
2002.4,0.1407,0.3055,0.4337,15000.0
2002.6,0.0765,0.2958,0.3173,15000.0
2002.8,0.1683,0.2741,0.405,15000.0
2003.0,0.0987,0.2955,0.5786,15000.0
2003.2,0.2398,0.2855,0.377,15000.0
2003.4,0.092,0.3168,0.6118,15000.0
2003.6,0.7635,0.2039,0.2484,12257.9208
2003.8,0.2213,0.2659,0.4125,15000.0
2004.0,0.3004,0.3087,0.3794,15000.0
2004.2,0.0,0.3267,0.2164,15000.0
2004.4,0.0242,0.3037,0.4399,15000.0
2004.6,0.3293,0.2758,0.5386,15000.0
2004.8,0.128,0.3046,0.6077,15000.0
2005.0,0.0534,0.308,0.3914,15000.0
2005.2,0.1797,0.2854,0.123,15000.0
2005.4,0.2242,0.3038,0.4009,15000.0
2005.6,0.1842,0.3251,0.4242,15000.0
2005.8,0.2468,0.2398,0.3411,15000.0
2006.0,0.2333,0.3073,0.3681,15000.0
2006.2,0.228,0.2839,0.2936,15000.0
2006.4,0.8109,0.195,0.3712,15000.0
2006.6,0.1986,0.3153,0.4612,15000.0
2006.8,0.1956,0.2356,0.5376,15000.0
2007.0,0.2803,0.2915,0.1961,15000.0
2007.2,0.2553,0.3048,0.2819,15000.0
2007.4,0.1097,0.2887,0.1591,15000.0
2007.6,0.1908,0.2616,0.5812,15000.0
2007.8,0.7474,0.2332,0.4764,15000.0
2008.0,0.1413,,0.1202,15000.0
2008.2,0.1461,0.305,0.3355,15000.0
2008.4,0.0609,0.3307,0.2989,15000.0
2008.6,0.0,0.3279,0.2433,15000.0
2008.8,0.1626,0.3053,0.4674,15000.0
2009.0,0.2127,0.2807,0.4745,15000.0
2009.2,0.0905,0.3148,0.3716,15000.0
2009.4,0.3378,0.2518,0.2875,15000.0
2009.6,0.0953,0.2932,0.2719,15000.0
2009.8,0.2913,0.2741,0.3608,15000.0
2010.0,0.2419,0.2505,0.3101,15000.0
2010.2,0.4176,0.2647,0.3586,15000.0
2010.4,0.254,0.2297,0.4403,15000.0
2010.6,0.0554,0.3184,0.1538,15000.0
2010.8,0.3054,0.2803,0.2621,15000.0
2011.0,0.3698,0.2449,0.3632,15000.0
2011.2,0.0228,0.2917,0.5364,15000.0
2011.4,0.2639,0.2696,0.4588,15000.0
2011.6,0.286,0.287,0.35,15000.0
2011.8,0.1787,0.2983,0.3941,15000.0
2012.0,0.0,0.2978,0.3339,15000.0
2012.2,0.1704,0.2948,0.4765,15000.0
2012.4,0.1419,0.3025,0.3962,15000.0
2012.6,0.353,0.2679,0.5115,15000.0
2012.8,0.1911,0.2697,0.1947,15000.0
2013.0,0.1588,0.2977,0.2494,15000.0
2013.2,0.1413,0.3157,0.3719,15000.0
2013.4,0.2326,0.2935,0.407,15000.0
2013.6,0.2057,0.2953,0.6351,15000.0
2013.8,0.121,0.3335,0.1149,15000.0
2014.0,0.2264,0.2871,0.3464,15000.0
2014.2,0.1443,0.2801,0.3438,15000.0
2014.4,0.0,0.3032,0.3725,15000.0
2014.6,0.2668,0.2808,0.5609,15000.0
2014.8,0.2573,0.2501,0.4703,15000.0
2015.0,0.22,0.2786,0.1613,15000.0
2015.2,0.1558,0.3044,0.5275,15000.0
2015.4,0.1928,0.3126,0.5209,15000.0
2015.6,0.2819,0.244,0.3992,15000.0
2015.8,0.1368,0.3001,0.151,15000.0
2016.0,0.7133,0.2045,0.3652,15000.0
2016.2,0.0525,0.3123,0.3965,15000.0
2016.4,0.2168,0.2881,0.4695,15000.0
2016.6,0.2026,0.287,0.138,15000.0
2016.8,0.3003,0.2998,0.253,15000.0
2017.0,0.1081,0.3276,0.4659,15000.0
2017.2,0.119,0.3438,0.5079,15000.0
2017.4,0.0606,0.3101,0.3928,15000.0
2017.6,0.1433,0.2889,0.4875,15000.0
2017.8,0.2255,0.2646,0.414,15000.0
2018.0,0.0202,0.3064,0.4582,15000.0
2018.2,0.1557,0.3094,0.3589,15000.0
2018.4,0.2611,0.2956,0.4046,15000.0
2018.6,0.1897,0.3032,0.1973,15000.0
2018.8,0.2075,0.2735,0.4425,15000.0
2019.0,0.0494,0.2989,0.1954,15000.0
2019.2,0.19,0.3287,0.4202,15000.0
2019.4,0.2029,0.2709,0.3042,15000.0
2019.6,0.1836,0.319,0.382,15000.0
2019.8,0.2153,0.2936,0.2334,15000.0
2020.0,0.1691,0.2783,0.2934,15000.0
2020.2,0.1544,0.2716,0.4007,15000.0
2020.4,0.096,,0.4394,15000.0
2020.6,0.2974,0.2808,0.4842,15000.0
2020.8,0.0773,0.2894,0.2114,15000.0
2021.0,0.2158,0.3166,0.1584,15000.0
2021.2,0.3813,0.2548,0.2462,15000.0
2021.4,0.3101,0.2844,0.2236,15000.0
2021.6,0.2509,0.2922,0.5363,15000.0
2021.8,0.225,0.3164,0.4994,15000.0
2022.0,0.1872,0.2813,0.2331,15000.0
2022.2,0.1099,0.3045,0.5486,15000.0
2022.4,0.1746,0.264,0.5132,15000.0
2022.6,0.8099,0.1925,0.1927,15000.0
2022.8,0.239,0.3046,0.2197,15000.0
2023.0,0.2789,0.2798,0.1542,15000.0
2023.2,0.322,0.3147,0.3289,15000.0
2023.4,0.1842,0.3009,0.3469,15000.0
2023.6,0.2192,0.2741,0.3574,15000.0
2023.8,0.0101,0.3275,0.091,15000.0
2024.0,0.4256,0.2226,0.2049,15000.0
2024.2,0.1586,0.2786,0.385,15000.0
2024.4,0.791,0.1691,0.4722,7167.9254
2024.6,0.1585,0.295,0.1048,15000.0
2024.8,0.1562,0.2938,0.1939,15000.0
2025.0,0.1763,0.3159,0.4615,15000.0
2025.2,0.0755,0.3059,0.1959,15000.0
2025.4,0.0,0.2999,0.3435,15000.0
2025.6,0.316,0.3006,0.1866,15000.0
2025.8,0.2546,0.2204,0.4768,15000.0
2026.0,0.1084,0.3034,0.1018,15000.0
2026.2,0.2452,0.2851,0.3146,15000.0
2026.4,0.2824,0.2746,0.4682,15000.0
2026.6,0.1307,0.3091,0.4148,15000.0
2026.8,0.2412,0.2836,0.2961,15000.0
2027.0,0.3007,0.2819,0.2686,15000.0
2027.2,0.0562,,0.3177,15000.0
2027.4,0.2533,0.2503,0.2104,15000.0
2027.6,0.7071,0.2059,0.3708,15000.0
2027.8,0.388,0.2374,0.3603,15000.0
2028.0,0.2557,0.2645,0.3092,15000.0
2028.2,0.1589,0.3178,0.4581,15000.0
2028.4,0.1705,0.3239,0.2072,15000.0
2028.6,0.4023,0.2785,0.1493,15000.0
2028.8,0.1645,0.3128,0.277,15000.0
2029.0,0.2586,0.2798,0.3682,15000.0
2029.2,0.1762,0.3121,0.3275,15000.0
2029.4,0.3081,0.2778,0.3359,15000.0
2029.6,0.3131,0.3089,0.2065,15000.0
2029.8,0.1977,0.27,0.2393,15000.0
2030.0,0.1593,,0.2834,15000.0
2030.2,0.1569,0.2696,0.2893,15000.0
2030.4,0.8587,0.1962,0.5185,15000.0
2030.6,0.2101,0.252,0.3961,15000.0
2030.8,0.208,0.2624,0.2963,15000.0
2031.0,0.1184,0.2754,0.4864,15000.0
2031.2,0.0165,0.3224,0.3898,15000.0
2031.4,0.2206,0.2918,0.1856,15000.0
2031.6,0.2333,0.3317,0.0,15000.0
2031.8,0.2395,0.2799,0.1941,15000.0
2032.0,0.101,0.3193,0.4089,15000.0
2032.2,0.2397,0.2849,0.4582,15000.0
2032.4,0.1821,0.3046,0.1441,15000.0
2032.6,0.2864,0.277,0.4334,15000.0
2032.8,0.1025,0.3256,0.4095,15000.0
2033.0,0.315,0.2485,0.5332,15000.0
2033.2,0.351,0.2149,0.4933,15000.0
2033.4,0.2116,0.2945,0.5096,15000.0
2033.6,0.2404,0.2454,0.4256,15000.0
2033.8,0.2784,0.3017,0.3991,15000.0
2034.0,0.0974,0.2934,0.3073,15000.0
2034.2,0.1514,0.275,0.4536,15000.0
2034.4,0.2184,0.3391,0.1697,15000.0
2034.6,0.4027,0.2552,0.3465,15000.0
2034.8,0.0804,0.3029,0.4088,15000.0
2035.0,0.3638,0.2768,0.5235,15000.0
2035.2,0.1807,0.3074,0.2849,15000.0
2035.4,0.1966,0.3113,0.4567,15000.0
2035.6,0.3218,0.2419,0.3448,15000.0
2035.8,0.4021,0.2664,0.4771,15000.0
2036.0,0.2423,0.2754,0.2589,15000.0
2036.2,0.3165,0.2509,0.4519,15000.0
2036.4,0.108,0.3037,0.3323,15000.0
2036.6,0.1471,0.2602,0.2189,15000.0
2036.8,0.0648,0.3281,0.3156,15000.0
2037.0,0.1484,0.2904,0.5076,15000.0
2037.2,0.2565,0.2694,0.2351,15000.0
2037.4,0.8418,0.1826,0.2141,6163.1154
2037.6,0.3727,0.257,0.4102,15000.0
2037.8,0.4055,0.2779,0.1527,15000.0
2038.0,0.1863,0.2683,0.5455,15000.0
2038.2,0.132,0.2912,0.5333,15000.0
2038.4,0.316,0.2651,0.4838,15000.0
2038.6,0.3264,0.2465,0.3653,15000.0
2038.8,0.2441,0.2841,0.5513,15000.0
2039.0,0.2706,0.2622,0.5218,15000.0
2039.2,0.2549,0.2511,0.3008,15000.0
2039.4,0.1011,,0.5121,15000.0
2039.6,0.0781,0.3384,0.2204,15000.0
2039.8,0.1949,0.2898,0.3256,15000.0
2040.0,0.7162,0.2033,0.1686,12157.2658
2040.2,0.2277,0.2811,0.3703,15000.0
2040.4,0.1869,0.2798,0.3179,15000.0
2040.6,0.0297,0.3387,0.2755,15000.0
2040.8,0.8562,0.1849,0.3714,10358.0584
2041.0,0.2737,0.2326,0.3026,15000.0
2041.2,0.1337,0.3226,0.3412,15000.0
2041.4,0.1768,0.3108,0.4949,15000.0
2041.6,0.1442,0.309,0.2142,15000.0
2041.8,0.1087,,0.4697,15000.0
2042.0,0.106,0.303,0.3698,15000.0
2042.2,0.302,0.2896,0.3943,15000.0
2042.4,0.1761,0.2994,0.3417,15000.0
2042.6,0.2635,0.2819,0.2663,15000.0
2042.8,0.2769,0.2936,0.4011,15000.0
2043.0,0.2317,0.2857,0.4132,15000.0
2043.2,0.2802,0.2992,0.2494,15000.0
2043.4,0.2014,0.291,0.1882,15000.0
2043.6,0.3364,0.2678,0.3683,15000.0
2043.8,0.7182,0.2229,0.4666,15000.0
2044.0,0.2956,0.2647,0.4799,15000.0
2044.2,0.1061,0.2811,0.4972,15000.0
2044.4,0.2263,0.2839,0.3962,15000.0
2044.6,0.0165,0.3292,0.3019,15000.0
2044.8,0.3401,0.2841,0.3513,15000.0
2045.0,0.1377,0.3166,0.1894,15000.0
2045.2,0.1515,0.2944,0.2655,15000.0
2045.4,0.0633,0.3065,0.3362,15000.0
2045.6,0.1964,0.2767,0.3225,15000.0
2045.8,0.1732,0.2973,0.3573,15000.0
2046.0,0.3823,0.226,0.2098,15000.0
2046.2,0.2859,0.2747,0.2171,15000.0
2046.4,0.1485,,0.417,15000.0
2046.6,0.0334,0.2846,0.2514,15000.0
2046.8,0.0,0.3231,0.2548,15000.0
2047.0,0.0974,0.312,0.3518,15000.0
2047.2,0.0669,0.3194,0.2257,15000.0
2047.4,0.2349,0.2631,0.4927,15000.0
2047.6,0.1855,0.3006,0.1941,15000.0
2047.8,0.2017,0.277,0.3546,15000.0
2048.0,0.1051,0.2746,0.2655,15000.0
2048.2,0.2152,0.3046,0.3621,15000.0
2048.4,0.058,0.324,0.2759,15000.0
2048.6,0.1912,,0.3543,15000.0
2048.8,0.283,0.2638,0.5062,15000.0
2049.0,0.1635,0.2822,0.2698,15000.0
2049.2,0.8139,0.1569,0.3189,15000.0
2049.4,0.0023,,0.2933,15000.0
2049.6,0.0,0.336,0.5077,15000.0
2049.8,0.2327,0.2761,0.344,15000.0
2050.0,0.3047,0.2707,0.505,15000.0
2050.2,0.1762,0.2941,0.3263,15000.0
2050.4,0.8369,0.191,0.5316,11089.52
2050.6,0.0557,0.2841,0.4004,15000.0
2050.8,0.132,0.3086,0.4083,15000.0
2051.0,0.214,0.2622,0.188,15000.0
2051.2,0.2464,0.2942,0.1574,15000.0
2051.4,0.1416,0.276,0.4832,15000.0
2051.6,0.0941,0.2789,0.4806,15000.0
2051.8,0.262,0.2775,0.6448,15000.0
2052.0,0.2133,0.2849,0.1729,15000.0
2052.2,0.1655,0.2956,0.4053,15000.0
2052.4,0.2499,0.2622,0.2375,15000.0
2052.6,0.1864,0.2942,0.2586,15000.0
2052.8,0.8098,0.1964,0.3264,9989.5576
2053.0,0.1823,0.3141,0.3854,15000.0
2053.2,0.1179,0.3048,0.2636,15000.0
2053.4,0.1077,0.2908,0.3529,15000.0
2053.6,0.1474,0.2695,0.4573,15000.0
2053.8,0.2032,0.2569,0.4978,15000.0
2054.0,0.0129,0.3244,0.4186,15000.0
2054.2,0.2945,0.2887,0.4039,15000.0
2054.4,0.8644,0.1639,0.3826,3462.2521
2054.6,0.0935,0.3101,0.2729,15000.0
2054.8,0.3617,0.2587,0.4264,15000.0
2055.0,0.2042,0.3017,0.2184,15000.0
2055.2,0.0665,0.3267,0.3488,15000.0
2055.4,0.3572,0.2175,0.2491,15000.0
2055.6,0.3355,0.287,0.3455,15000.0
2055.8,0.1091,0.3076,0.2157,15000.0
2056.0,0.7848,0.1838,0.3436,8007.6783
2056.2,0.1542,0.2853,0.27,15000.0
2056.4,0.0111,0.3189,0.2421,15000.0
2056.6,0.2325,0.2727,0.3456,15000.0
2056.8,0.2845,0.2557,0.072,15000.0
2057.0,0.2657,0.2633,0.1436,15000.0
2057.2,0.2033,0.2667,0.455,15000.0
2057.4,0.2942,0.2999,0.363,15000.0
2057.6,0.0865,0.3073,0.2555,15000.0
2057.8,0.3818,0.304,0.4605,15000.0
2058.0,0.1228,0.3078,0.2654,15000.0
2058.2,0.1339,0.3104,0.2715,15000.0
2058.4,0.1425,0.276,0.2608,15000.0
2058.6,0.1352,0.294,0.5764,15000.0
2058.8,0.1807,0.2925,0.3764,15000.0
2059.0,0.1769,0.279,0.3771,15000.0
2059.2,0.213,0.2766,0.4105,15000.0
2059.4,0.1181,0.3095,0.1191,15000.0
2059.6,0.2167,0.2941,0.2763,15000.0
2059.8,0.091,0.2787,0.4083,15000.0
2060.0,0.2732,0.282,0.3519,15000.0
2060.2,0.272,0.2875,0.6148,15000.0
2060.4,0.1994,0.2763,0.2905,15000.0
2060.6,0.135,0.2846,0.4646,15000.0
2060.8,0.7469,0.2093,0.4782,15000.0
2061.0,0.1112,0.2507,0.382,15000.0
2061.2,0.2035,0.2875,0.3891,15000.0
2061.4,0.1848,0.3231,0.3011,15000.0
2061.6,0.463,0.194,0.1508,15000.0
2061.8,0.0773,0.3241,0.3775,15000.0
2062.0,0.0,0.3309,0.3843,15000.0
2062.2,0.1362,0.2694,0.4277,15000.0
2062.4,0.0284,0.3259,0.3424,15000.0
2062.6,0.1273,0.3197,0.4538,15000.0
2062.8,0.0702,0.2852,0.2472,15000.0
2063.0,0.1095,0.2883,0.5261,15000.0
2063.2,0.0935,0.3056,0.2244,15000.0
2063.4,0.2963,0.2921,0.3354,15000.0
2063.6,0.1951,0.278,0.4357,15000.0
2063.8,0.3075,0.27,0.2954,15000.0
2064.0,0.204,,0.4455,15000.0
2064.2,0.2929,,0.3146,15000.0
2064.4,0.1698,0.3138,0.3539,15000.0
2064.6,0.3595,0.2646,0.3376,15000.0
2064.8,0.2471,0.2733,0.2867,15000.0
2065.0,0.122,0.2998,0.6154,15000.0
2065.2,0.1141,0.2652,0.0265,4975.2398
2065.4,0.5519,0.1851,0.3933,141.5728
2065.6,0.3414,0.2211,0.3927,753.4468
2065.8,0.2094,0.224,0.291,1083.8364
2066.0,0.2789,0.2287,0.2238,5.6144
2066.2,0.181,0.2608,0.2393,3814.4435
2066.4,0.1989,0.2344,0.2868,160.7081
2066.6,0.2795,0.2214,0.3804,236.1335
2066.8,0.2272,0.2551,0.4233,4869.4267
2067.0,0.1487,0.268,0.0364,5492.7405
2067.2,0.2412,0.2043,0.3744,507.3371
2067.4,0.7837,0.1592,0.4226,297.8188
2067.6,0.1047,0.2406,0.3486,1832.3033
2067.8,0.1033,0.2559,0.2679,4300.9913
2068.0,0.4873,0.2417,0.5107,3894.7957
2068.2,0.3227,0.2347,0.5037,545.9506
2068.4,0.3475,0.2818,0.2625,445.6438
2068.6,0.2715,0.238,0.3168,366.3928
2068.8,0.3358,0.2182,0.4359,412.5571
2069.0,0.4229,0.2101,0.5055,282.7794
2069.2,0.323,0.2286,0.2254,118.1449
2069.4,0.4832,0.2112,0.2024,536.7562
2069.6,0.2652,,0.3765,37.8165
2069.8,0.3479,0.2146,0.1909,366.4548
2070.0,0.3615,0.199,0.0904,297.7825
2070.2,0.1488,0.2779,0.205,1221.37
2070.4,0.2756,0.1774,0.4061,486.7585
2070.6,0.0306,0.2701,0.5168,2269.8261
2070.8,0.2531,0.192,0.2539,3614.9544
2071.0,0.2337,0.2493,0.307,323.2745
2071.2,0.2259,,0.3522,589.5307
2071.4,0.7167,0.1185,0.2911,73.5179
2071.6,0.3366,0.2491,0.2287,768.3192
2071.8,0.1548,0.1778,0.3953,33.6311
2072.0,0.5118,0.1973,0.1883,53.3578
2072.2,0.7735,0.1808,0.2508,177.6616
2072.4,0.1656,0.2853,0.2824,164.2964
2072.6,0.3541,0.1752,0.3947,104.1703
2072.8,0.3993,0.1995,0.1461,109.581
2073.0,0.318,0.2557,0.3036,480.4958
2073.2,0.1392,0.2827,0.142,4833.4537
2073.4,0.5608,,0.243,105.6473
2073.6,0.3531,0.2921,0.4085,4126.1619
2073.8,0.1078,0.2406,0.317,257.4822
2074.0,0.2972,0.2387,0.5443,291.0056
2074.2,0.2414,0.2264,0.3229,737.0252
2074.4,0.2708,0.1767,0.478,115.5022
2074.6,0.8676,0.1457,0.4679,29.8195
2074.8,0.2771,0.1753,0.351,99.6353
2075.0,0.1619,0.2327,0.1587,48.339
2075.2,0.2246,,0.3302,387.7559
2075.4,0.3204,0.2373,0.2587,9.8276
2075.6,0.208,0.219,0.261,1097.3695
2075.8,0.2322,0.1874,0.3681,434.1599
2076.0,0.3766,0.2414,0.1378,4089.4578
2076.2,0.1545,0.2314,0.2167,7102.1112
2076.4,0.1857,0.2318,0.1985,1476.7228
2076.6,0.1069,0.2276,0.2987,188.7277
2076.8,0.7557,0.1961,0.2445,3660.109
2077.0,0.8784,0.1542,0.2698,23.8403
2077.2,0.3531,0.2033,0.3591,23.9632
2077.4,0.1652,0.1932,0.2876,2315.0507
2077.6,0.3493,0.2913,0.307,2890.232
2077.8,0.2837,0.2856,0.1636,112.993
2078.0,0.0903,0.2977,0.196,273.1652
2078.2,0.2927,0.2092,0.6045,598.334
2078.4,0.4253,0.1963,0.2537,77.9198
2078.6,0.024,0.2778,0.0379,420.1314
2078.8,0.5307,0.1705,0.3991,1758.9482
2079.0,0.1906,0.2155,0.2446,5078.8194
2079.2,0.0556,0.303,0.3333,2018.2188
2079.4,0.288,0.228,0.32,347.8573
2079.6,0.378,0.1856,0.4201,603.7869
2079.8,0.2335,0.2639,0.3043,400.1268
2080.0,0.3105,0.2103,0.3093,18.0258
2080.2,0.5456,0.138,0.5169,2.4266
2080.4,0.2967,0.1966,0.0559,214.798
2080.6,0.6577,0.1632,0.1852,389.5685
2080.8,0.4344,0.2152,0.2295,338.9617
2081.0,0.2767,0.236,0.1084,1358.8098
2081.2,0.3079,0.2611,0.2561,2452.4259
2081.4,0.2285,0.2313,0.2552,2585.8634
2081.6,0.3024,0.2145,0.4637,415.3678
2081.8,0.343,0.2567,0.3087,1012.4217
2082.0,0.2175,0.2669,0.2884,821.7458
2082.2,0.0906,0.2513,0.2729,465.9055
2082.4,0.4418,0.2162,0.1996,46.1962
2082.6,0.3966,0.201,0.4582,1129.0445
2082.8,0.0858,0.2254,0.49,246.7523
2083.0,0.2922,0.2905,0.1491,760.9794
2083.2,0.4035,0.1982,0.5542,122.319
2083.4,0.3901,0.2235,0.2462,70.9124
2083.6,0.1798,0.2023,0.2441,235.2774
2083.8,0.3977,0.2348,0.3904,916.9173
2084.0,0.272,0.1981,0.4167,99.1999
2084.2,0.3205,0.272,0.3048,3519.867
2084.4,0.1505,0.2992,0.2581,979.4677
2084.6,0.0,0.2858,0.4609,175.2844
2084.8,0.1689,0.2495,0.242,3560.4589
2085.0,0.3398,0.2171,0.3271,442.1409
2085.2,0.2433,0.2345,0.5492,1415.4297
2085.4,0.3545,0.2317,0.1563,1384.3286
2085.6,0.4138,0.2144,0.2774,98.8469
2085.8,0.227,0.2656,0.4499,434.3568
2086.0,0.9102,0.1165,0.4449,199.9271
2086.2,0.0,0.3128,0.4139,15000.0
2086.4,0.0688,0.2485,0.1515,665.0482
2086.6,0.0958,,0.3703,218.9555
2086.8,0.3424,,0.2929,3819.1568
2087.0,0.2283,0.2499,0.6183,284.7355
2087.2,0.7493,0.1162,0.4816,81.3459
2087.4,0.1857,0.2305,0.3278,256.1027
2087.6,0.1687,0.1855,0.3858,270.3526
2087.8,0.39,0.1963,0.3514,70.8825
2088.0,0.7901,0.1414,0.4572,53.0584
2088.2,0.3989,0.2223,0.2226,171.2396
2088.4,0.7289,0.1456,0.5421,213.3397
2088.6,0.3393,0.2069,0.1678,350.9794
2088.8,0.2071,0.2774,0.3385,3188.2969
2089.0,0.2334,0.295,0.1977,508.214
2089.2,0.4459,0.1816,0.3558,137.49
2089.4,0.2193,0.2677,0.4442,1930.8173
2089.6,0.3339,0.234,0.1066,1393.3658
2089.8,0.1377,0.202,0.32,41.7544
2090.0,0.2747,0.2093,0.152,445.686
2090.2,0.8523,0.0656,0.3603,7.5371
2090.4,0.2625,0.2422,0.1384,1728.6167
2090.6,0.3201,0.1949,0.3659,2412.8857
2090.8,0.4138,0.2156,0.2812,12.264
2091.0,0.1637,0.319,0.3924,980.1292
2091.2,0.2012,0.2864,0.468,1721.5119
2091.4,0.1863,0.2224,0.3353,377.4542
2091.6,0.237,0.2085,0.4556,965.309
2091.8,0.1447,0.2859,0.4882,1350.8124
2092.0,0.0,0.2419,0.2062,277.6943
2092.2,0.1344,0.2789,0.4978,294.9973
2092.4,0.2636,0.3096,0.2942,419.7835
2092.6,0.2507,0.2537,0.1942,263.7196
2092.8,0.8061,0.19,0.3856,102.099
2093.0,0.3795,0.2466,0.3148,963.9727
2093.2,0.2116,0.2247,0.15,324.6295
2093.4,0.0639,0.2692,0.172,393.8132
2093.6,0.3224,0.198,0.5565,67.3743
2093.8,0.2687,0.2684,0.3517,363.6358
2094.0,0.2364,0.2064,0.5329,138.416
2094.2,0.4287,0.2294,0.2769,167.5277
2094.4,0.3286,0.2556,0.2164,1639.3272
2094.6,0.286,0.2161,0.1176,1910.237
2094.8,0.2913,0.2089,0.4651,66.7527
2095.0,0.3805,0.2118,0.3915,1288.9728
2095.2,0.1804,0.2197,0.282,868.5549
2095.4,0.1556,0.2525,0.2188,830.2768
2095.6,0.2396,0.2107,0.4851,2114.4016
2095.8,0.1169,0.2299,0.3078,351.4839
2096.0,0.2641,0.2482,0.3019,1016.0557
2096.2,0.2826,0.2476,0.2457,706.2536
2096.4,0.2611,,0.2798,424.794
2096.6,0.223,0.1926,0.4173,391.8854
2096.8,0.4849,0.2347,0.1448,504.8645
2097.0,0.3923,0.2024,0.3524,473.486
2097.2,0.8295,0.2113,0.4626,132.3868
2097.4,0.2821,0.2267,0.3211,182.9265
2097.6,0.4489,0.2108,0.4756,130.4021
2097.8,0.194,0.2307,0.5048,278.4449
2098.0,0.1445,0.2565,0.4377,2567.7867
2098.2,0.2995,0.3253,0.2229,1406.5132
2098.4,0.3238,0.2148,0.3323,753.3271
2098.6,0.3335,0.2589,0.3642,1040.6373
2098.8,0.3776,0.2195,0.274,205.7725
2099.0,0.1748,0.2783,0.2461,5580.6413
2099.2,0.0869,0.2037,0.2681,683.1415
2099.4,0.194,,0.6346,1509.1321
2099.6,0.3456,0.231,0.2952,401.3667
2099.8,0.1502,0.2414,0.4652,606.6247
2100.0,0.0186,0.2927,0.1927,199.6193
2100.2,0.2888,0.2335,0.5507,163.7486
2100.4,0.1963,0.2103,0.2895,545.5048
2100.6,0.0455,0.1958,0.3514,31.2965
2100.8,0.2797,0.2819,0.0718,440.2593
2101.0,0.2198,0.2329,0.4748,280.1046
2101.2,0.4879,0.1843,0.5224,7442.6843
2101.4,0.2815,0.2155,0.1823,784.2064
2101.6,0.3462,0.2624,0.4706,3182.2731
2101.8,0.2678,0.2187,0.1615,127.8309
2102.0,0.1923,0.261,0.4006,1223.0765
2102.2,0.2066,0.2316,0.2928,48.4041
2102.4,0.4105,0.1772,0.5257,108.6384
2102.6,0.3672,0.2437,0.3578,1065.0891
2102.8,0.0765,0.2901,0.4279,219.5355
2103.0,0.1077,0.2359,0.4894,800.0376
2103.2,0.1149,0.2528,0.2839,1214.2997
2103.4,0.4078,0.2155,0.3329,155.7032
2103.6,0.0449,0.2762,0.1679,354.903
2103.8,0.3719,0.2727,0.2746,387.8894
2104.0,0.321,0.2155,0.5851,215.2147
2104.2,0.288,0.2197,0.4313,242.3032
2104.4,0.2091,0.235,0.1961,896.0707
2104.6,0.4179,0.1851,0.5532,99.7366
2104.8,0.2838,0.1838,0.3983,1281.0977
2105.0,0.0968,0.2592,0.421,4947.1537
2105.2,0.1291,0.2647,0.3769,1112.8708
2105.4,0.0842,0.2578,0.3701,512.2237
2105.6,0.4064,0.2111,0.1189,179.3761
2105.8,0.77,0.1412,0.4872,122.0257
2106.0,0.387,0.2218,0.1041,628.0092
2106.2,0.2611,0.238,0.4322,418.8279
2106.4,0.1399,0.2616,0.3338,535.1112
2106.6,0.1788,0.2532,0.4057,874.4884
2106.8,0.1874,0.2533,0.3474,664.3548
2107.0,0.2648,0.2581,0.4194,430.1672
2107.2,0.3691,0.23,0.3517,429.7251
2107.4,0.3577,0.2294,0.3735,257.838
2107.6,0.2257,,0.3879,190.1118
2107.8,0.1318,0.2664,0.4559,790.6879
2108.0,0.1928,0.2402,0.3881,373.0475
2108.2,0.3168,0.2267,0.2958,291.6465
2108.4,0.2684,0.2198,0.3397,618.8978
2108.6,0.2439,0.2531,0.376,670.0257
2108.8,0.2435,0.2159,0.4111,806.0083
2109.0,0.2368,0.2457,0.3309,960.0123
2109.2,0.2304,0.2391,0.4145,602.1295
2109.4,0.3131,0.2156,0.366,648.0042
2109.6,0.3015,0.2347,0.3599,630.8762
2109.8,0.258,0.2339,0.3299,947.038
2110.0,0.2514,0.2261,0.3642,603.7924
2110.2,0.2795,0.2263,0.3453,585.196
2110.4,0.2845,0.2253,0.3468,507.9766
2110.6,0.2988,0.2214,0.3589,439.8668
2110.8,0.3112,0.2135,0.3801,339.6681
2111.0,0.3225,0.206,0.3966,262.5302
2111.2,0.3455,0.1978,0.4205,203.0755
2111.4,0.3677,0.1871,0.4507,146.448
2111.6,0.3927,0.1757,0.4817,103.7574
2111.8,0.4171,0.1644,0.5121,73.863
2112.0,0.4388,0.1532,0.5404,54.1326
2112.2,0.4559,0.1439,0.5686,41.3929
2112.4,0.4703,0.135,0.5917,33.2673
2112.6,0.4928,0.1267,0.6108,24.2827
2112.8,0.4986,0.1229,0.6405,24.1034
2113.0,0.507,0.1188,0.6427,24.1571
2113.2,0.4934,0.1185,0.6433,21.1269
2113.4,0.5037,0.1214,0.6431,23.0546
2113.6,0.4993,0.1199,0.6653,31.003
2113.8,0.487,0.1233,0.6791,41.97
2114.0,0.4933,0.1248,0.6959,32.0587
2114.2,0.5243,0.1083,0.6649,30.1773
2114.4,0.5455,0.1196,0.6585,40.2294
2114.6,0.4765,0.1144,0.674,23.1548
2114.8,0.4239,0.1248,0.6718,92.4442
2115.0,0.5593,0.096,0.6375,31.3594
2115.2,0.5611,0.1216,0.7462,52.4548
2115.4,0.486,0.1052,0.6744,54.7731
2115.6,0.5702,0.1011,0.7096,15.6269
2115.8,0.4691,0.1143,0.6987,102.1734
2116.0,0.3713,,0.6872,193.1387
2116.2,0.3295,,0.5715,111.6661
2116.4,0.3191,0.1646,0.6408,206.332
2116.6,0.4303,0.1375,0.8535,64.33
2116.8,0.3856,0.1629,0.7849,303.1917
2117.0,0.3736,0.1546,0.6508,53.0602
2117.2,0.4223,0.1232,0.6077,63.4592
2117.4,0.5282,0.1158,0.4092,58.6281
2117.6,0.3784,,0.5655,175.279
2117.8,0.3594,0.1762,0.6129,563.9191
2118.0,0.3859,0.1643,0.5896,1677.5772
2118.2,0.5535,0.1477,0.6039,87.6663
2118.4,0.4334,0.1502,0.7093,181.6781
2118.6,0.4761,0.1419,0.5111,33.0157
2118.8,0.6372,0.1158,0.6814,192.5227
2119.0,0.8043,0.1367,0.6247,41.2023
2119.2,0.5224,0.1166,0.5336,2834.5493
2119.4,0.5101,0.1358,0.8579,9.3084
2119.6,0.286,0.1136,0.747,776.0747
2119.8,0.4879,0.0968,0.5543,131.5907
2120.0,0.4481,0.1826,0.6895,44.0097
2120.2,0.556,0.1399,0.4587,1567.0597
2120.4,0.3891,0.1389,0.5535,25.1295
2120.6,0.4661,0.1371,0.813,52.9099
2120.8,0.5187,0.0949,0.703,7.0218
2121.0,0.6868,0.0984,0.6912,32.1053
2121.2,0.6433,0.0778,0.7925,24.7259
2121.4,0.6046,0.1114,0.7302,140.5047
2121.6,0.5345,0.144,0.6031,1965.1685
2121.8,0.3839,0.1561,0.7546,58.4411
2122.0,0.5345,0.1668,0.409,4.1707
2122.2,0.3396,0.1574,0.5456,260.3615
2122.4,0.4132,0.0794,0.6509,13.5594
2122.6,0.6712,0.1597,0.7026,1196.0663
2122.8,0.5099,0.1089,0.6095,44.9029
2123.0,0.4695,0.1387,0.4078,31.078
2123.2,0.4862,0.1353,0.391,21.1348
2123.4,0.4278,0.1456,0.6282,203.0516
2123.6,0.1597,0.1724,0.5642,106.5833
2123.8,0.2756,0.1592,0.5133,759.6628
2124.0,0.5202,0.0957,0.517,28.1561
2124.2,0.3203,0.2169,0.6259,2058.5407
2124.4,0.426,0.1561,0.8021,19.4867
2124.6,0.2804,0.1583,0.6494,12.8782
2124.8,0.3466,0.1952,0.7882,657.3755
2125.0,0.4394,0.1114,0.6021,27.2927
2125.2,0.5601,0.1457,0.6946,66.2041
2125.4,0.5862,0.1071,0.8282,12.5852
2125.6,0.3445,0.1595,0.611,30.1153
2125.8,0.4799,0.1441,0.641,200.5749
2126.0,0.2547,0.1016,0.606,40.0234
2126.2,0.4473,0.1015,0.7317,10.6903
2126.4,0.5639,0.1632,0.7473,347.2467
2126.6,0.4313,0.1329,0.6878,323.0929
2126.8,0.611,0.1681,0.5982,121.5108
2127.0,0.5488,0.1581,0.4371,413.6151
2127.2,0.4714,0.129,0.6374,19.0867
2127.4,0.4075,0.1343,0.6166,155.4884
2127.6,0.3705,0.1876,0.6509,245.1612
2127.8,0.2505,0.2131,0.6252,117.2756
2128.0,0.2716,0.1508,0.8393,1367.3454
2128.2,0.5693,0.1614,0.5402,165.6196
2128.4,0.6368,0.1407,0.4342,39.898
2128.6,0.2995,0.1848,0.4728,194.5748
2128.8,0.4489,0.1397,0.557,27.4718
2129.0,0.2353,0.1455,0.7777,21.2554
2129.2,0.313,0.1268,0.4759,36.894
2129.4,0.4738,0.1016,0.5033,25.2765
2129.6,0.3726,0.1939,0.6715,81.0537
2129.8,0.1909,0.1678,0.7386,676.709
2130.0,0.6635,0.0832,0.4606,11.0823
2130.2,0.4336,0.164,0.3993,39.7305
2130.4,0.2964,0.1431,0.5358,19.6212
2130.6,0.4566,0.1199,0.7328,11.3337
2130.8,0.4295,0.1911,0.6374,783.3424
2131.0,0.4948,0.0984,0.5584,53.6434
2131.2,0.3958,0.1492,0.7317,236.4122
2131.4,0.4809,0.1186,0.664,203.6021
2131.6,0.5627,0.105,0.6393,28.5971
2131.8,0.2686,0.1218,0.4367,383.5291
2132.0,0.3499,0.1503,0.535,45.4363
2132.2,0.5491,0.1035,0.9083,10.5949
2132.4,0.3683,0.1614,0.587,197.9977
2132.6,0.4294,0.1382,0.5156,96.7052
2132.8,0.3788,0.1376,0.5906,95.2962
2133.0,0.387,0.1227,0.6617,218.8013
2133.2,0.3759,0.1815,0.7375,204.311
2133.4,0.2764,0.1758,0.7057,239.2561
2133.6,0.4997,0.1141,0.5617,288.8017
2133.8,0.5781,0.0879,0.8254,44.6717
2134.0,0.4171,0.0937,0.7637,66.2538
2134.2,0.5634,0.1521,0.5766,17.2485
2134.4,0.3762,0.1684,0.6112,15000.0
2134.6,0.3685,0.1728,0.7043,20.2811
2134.8,0.4934,0.1289,0.7834,34.2247
2135.0,0.4956,0.1518,0.4371,50.2257
2135.2,0.4253,0.1656,0.6382,1923.1167
2135.4,0.528,0.1261,0.6408,30.0722
2135.6,0.2727,0.1489,0.5615,171.5608
2135.8,0.4005,0.1184,0.573,27.4035
2136.0,0.5654,0.134,0.7787,19.9673
2136.2,0.5651,0.1374,0.7098,163.309
2136.4,0.5487,0.1152,0.923,21.1925
2136.6,0.5727,0.1153,0.5751,68.6621
2136.8,0.3916,0.1384,0.6577,178.7338
2137.0,0.2183,0.1841,0.6619,2095.1477
2137.2,0.4064,0.1078,0.7686,9.2894
2137.4,0.5227,0.1008,0.8315,33.2911
2137.6,0.5439,0.0988,0.6679,33.8023
2137.8,0.3716,0.1425,0.4959,87.2213
2138.0,0.3142,0.1609,0.5385,3161.0671
2138.2,0.3271,0.1247,0.6639,50.4242
2138.4,0.3693,0.1692,0.7735,5.8537
2138.6,0.1934,0.2038,0.4257,209.4881
2138.8,0.3715,0.1566,0.4805,97.1802
2139.0,0.4462,0.1655,0.7275,98.0536
2139.2,0.4273,0.1168,0.4804,21.8297
2139.4,0.3971,0.1209,0.5006,10.9855
2139.6,0.3504,,0.7784,1907.3548
2139.8,0.3655,0.146,0.6081,138.9635
2140.0,0.3678,0.1243,0.6068,48.8627
2140.2,0.5317,0.163,0.8079,1879.8276
2140.4,0.4399,0.1457,0.4988,30.7223
2140.6,0.8517,0.1072,0.4881,97.5276
2140.8,0.3968,0.1264,0.8565,13.3114
2141.0,0.4969,0.1735,0.6562,398.6558
2141.2,0.3997,0.139,0.728,19.4164
2141.4,0.3965,,0.5873,256.3717
2141.6,0.6431,0.0997,0.6415,469.5143
2141.8,0.5697,0.1271,0.5529,73.8345
2142.0,0.2119,0.179,0.665,10.616
2142.2,0.3071,0.2037,0.7219,281.4307
2142.4,0.4223,0.1293,0.669,125.4118
2142.6,0.3728,0.1512,0.7727,319.7056
2142.8,0.2439,,0.711,1044.6686
2143.0,0.4551,0.101,0.5186,279.7064
2143.2,0.1958,0.1126,0.6314,42.516
2143.4,0.4565,0.1113,0.5924,21.2793
2143.6,0.5349,0.1512,0.7327,24.7838
2143.8,0.5531,0.1676,0.6878,69.7458
2144.0,0.421,0.1172,0.6637,99.0073
2144.2,0.6335,0.085,0.7894,5.5412
2144.4,0.4826,0.1702,0.3883,45.3849
2144.6,0.5475,0.1116,0.5728,95.6314
2144.8,0.353,0.1396,0.5734,36.9463
2145.0,0.6285,0.1499,0.6632,148.47
2145.2,0.4466,0.167,0.6907,51.3986
2145.4,0.6285,0.1369,0.6371,102.5541
2145.6,0.5994,0.0833,0.5123,11.9382
2145.8,0.4766,0.1085,0.6915,5.9524
2146.0,0.4907,0.1551,0.6422,266.8261
2146.2,0.4307,0.1461,0.4867,44.2825
2146.4,0.3703,0.1332,0.6083,54.8751
2146.6,0.4999,0.1265,0.6711,33.8671
2146.8,0.4912,0.1521,0.7663,160.1606
2147.0,0.3136,0.1791,0.526,223.9822
2147.2,0.436,0.1418,0.6863,133.0808
2147.4,0.5025,0.1256,0.5569,46.4231
2147.6,0.537,0.1281,0.5477,68.3707
2147.8,0.4854,0.1536,0.5469,140.5671
2148.0,0.3588,0.1673,0.6475,310.3887
2148.2,0.3888,0.1519,0.6292,111.9651
2148.4,0.4245,0.1412,0.6171,47.6513
2148.6,0.4945,,0.6541,82.3512
2148.8,0.4146,0.1574,0.6401,80.0788
2149.0,0.4654,0.131,0.6604,26.3419
2149.2,0.4108,0.1442,0.6508,35.2362
2149.4,0.4338,0.1467,0.6402,55.2069
2149.6,0.3976,0.1449,0.7001,51.4801
2149.8,0.4071,0.1409,0.6928,43.5045
2150.0,0.392,0.1439,0.6889,51.7314
2150.2,0.4171,0.1412,0.6614,39.5305
2150.4,0.3962,0.1425,0.654,39.2159
2150.6,0.3926,0.1469,0.6455,44.3646
2150.8,0.3973,0.1502,0.639,47.8748
2151.0,0.4076,0.1532,0.6233,51.4292
2151.2,0.4144,0.1578,0.6101,56.1382
2151.4,0.4224,0.1626,0.5984,63.4175
2151.6,0.428,0.1675,0.5878,73.682
2151.8,0.4302,0.1726,0.579,87.4841
2152.0,0.4279,0.1776,0.5708,104.0287
2152.2,0.4209,0.183,0.5685,130.8595
2152.4,0.4311,,0.5678,146.2007
2152.6,0.4266,,0.5587,148.3566
2152.8,0.3938,0.1924,0.5532,183.0806
2153.0,0.3842,0.1921,0.5489,211.8526
2153.2,0.3735,0.1913,0.5457,172.1772
2153.4,0.3257,0.2039,0.5487,246.167
2153.6,0.3744,0.1968,0.561,228.2263
2153.8,0.3849,0.1952,0.5905,180.5767
2154.0,0.408,0.1854,0.5415,115.2597
2154.2,0.3506,0.2014,0.5584,186.4813
2154.4,0.3337,0.1932,0.5578,99.7541
2154.6,0.4408,0.1908,0.6079,129.2739
2154.8,0.4194,0.1872,0.6792,92.42
2155.0,0.447,0.2019,0.609,200.3319
2155.2,0.6285,0.1633,0.6073,53.7069
2155.4,0.4184,0.1985,0.5949,223.402
2155.6,0.645,0.1698,0.6251,269.2949
2155.8,0.3878,0.1992,0.695,528.5188
2156.0,0.7102,0.1604,0.3804,46.8302
2156.2,0.5538,0.1842,0.5489,108.7794
2156.4,0.3999,0.1824,0.2532,359.642
2156.6,0.1476,0.2393,0.5533,933.9331
2156.8,0.33,0.2253,0.5196,220.3769
2157.0,0.3576,0.2126,0.409,192.0414
2157.2,0.7909,,0.1998,87.6833
2157.4,0.1922,0.2297,0.4602,62.3982
2157.6,0.3811,0.1924,0.5052,377.6884
2157.8,0.1962,0.2222,0.4607,1244.5653
2158.0,0.3727,0.1719,0.4115,94.8158
2158.2,0.178,0.2628,0.3387,149.8983
2158.4,0.2371,0.2703,0.4459,4937.1581
2158.6,0.4211,0.1759,0.383,208.9193
2158.8,0.3627,0.2237,0.5829,928.0448
2159.0,0.9113,0.1712,0.4832,28.2488
2159.2,0.296,0.1845,0.2496,35.8459
2159.4,0.3117,0.149,0.5292,165.5921
2159.6,0.1971,,0.5156,3161.8422
2159.8,0.1028,0.2363,0.6964,117.3988
2160.0,0.374,0.1868,0.6196,173.257
2160.2,0.4989,0.1865,0.364,26.2278
2160.4,0.3786,0.1905,0.6878,86.6514
2160.6,0.333,0.2896,0.2545,944.4767
2160.8,0.1429,0.2166,0.4817,632.9317
2161.0,0.414,0.2053,0.5878,19.2553
2161.2,0.3626,0.239,0.673,2745.3502
2161.4,0.3988,,0.7352,380.023
2161.6,0.4344,0.2242,0.6532,2021.3071
2161.8,0.5062,0.1723,0.4764,365.1775
2162.0,0.1551,0.2256,0.5553,1184.1466
2162.2,0.1324,0.1719,0.5271,1933.5373
2162.4,0.3193,,0.3825,105.0496
2162.6,0.1801,0.2275,0.4572,494.9565
2162.8,0.1576,0.2503,0.716,180.8821
2163.0,0.4586,0.2407,0.5586,466.6778
2163.2,0.1688,0.248,0.7535,1512.9016
2163.4,0.2986,0.2412,0.3164,2235.4026
2163.6,0.0879,0.2381,0.4157,312.1861
2163.8,0.3082,0.2459,0.5242,127.2118
2164.0,0.4538,0.1913,0.5918,234.9065
2164.2,0.4577,0.2224,0.4591,129.0605
2164.4,0.4358,0.2159,0.5901,161.8418
2164.6,0.2898,0.2233,0.5861,903.6899
2164.8,0.4445,0.1491,0.3105,181.8434
2165.0,0.3559,,0.5761,1360.11
2165.2,0.2429,,0.6231,279.6261
2165.4,0.3496,0.2242,0.5162,1408.3361
2165.6,0.4151,0.2048,0.2249,279.5001
2165.8,0.1274,0.247,0.4268,416.9369
2166.0,0.1621,0.2653,0.5196,208.1486
2166.2,0.2813,0.2002,0.3631,17.8564
2166.4,0.1412,0.2447,0.5951,79.0265
2166.6,0.1393,0.2101,0.5825,397.6216
2166.8,0.2453,,0.4895,149.5904
2167.0,0.429,0.2013,0.4863,32.0093
2167.2,0.4265,0.1769,0.5206,96.4798
2167.4,0.3417,0.2082,0.4806,416.3415
2167.6,0.3234,0.192,0.3076,366.8794
2167.8,0.5714,0.1651,0.4381,127.4155
2168.0,0.2299,0.23,0.4825,404.5045
2168.2,0.3313,0.2144,0.6772,165.7307
2168.4,0.8317,0.0881,0.626,71.359
2168.6,0.1326,,0.6733,444.4274
2168.8,0.454,0.1825,0.2947,165.1485
2169.0,0.2603,0.2046,0.4327,1016.8893
2169.2,0.3903,0.1677,0.7877,377.6786
2169.4,0.268,0.2139,0.3748,256.7043
2169.6,0.4621,0.1753,0.3875,105.2974
2169.8,0.1704,0.2635,0.4209,529.5836
2170.0,0.4513,0.1423,0.79,6.7154
2170.2,0.4162,0.1689,0.4028,568.169
2170.4,0.0667,0.2124,0.5575,132.7105
2170.6,0.2328,,0.5285,1218.5917
2170.8,0.4327,0.2266,0.2038,432.1537
2171.0,0.5129,0.1974,0.4832,1395.5631
2171.2,0.393,0.1683,0.4197,273.7037
2171.4,0.2484,0.2057,0.577,885.39
2171.6,0.1741,0.2047,0.726,129.4259
2171.8,0.3737,0.2156,0.4299,65.7878
2172.0,0.85,0.1269,0.4654,78.7808
2172.2,0.2501,0.1779,0.8457,14.755
2172.4,0.2709,0.2312,0.3723,246.5507
2172.6,0.4146,0.2315,0.2838,99.4416
2172.8,0.5348,0.1755,0.6871,55.1993
2173.0,0.4335,0.197,0.4785,505.553
2173.2,0.3012,0.1687,0.5366,275.9172
2173.4,0.1831,0.1685,0.8094,114.6103
2173.6,0.3868,0.1479,0.3088,144.394
2173.8,0.5165,0.1816,0.4644,90.2475
2174.0,0.4305,0.1854,0.3172,4149.6006
2174.2,0.327,0.2228,0.5222,559.4116
2174.4,0.2364,0.2137,0.4015,153.1663
2174.6,0.3449,0.2328,0.3071,1393.2948
2174.8,0.4501,0.2159,0.5806,1619.5386
2175.0,0.3302,0.198,0.4866,90.8951
2175.2,0.2866,0.1847,0.3153,31.4055
2175.4,0.2107,0.169,0.3302,30.2305
2175.6,0.6366,0.2074,0.5105,123.1837
2175.8,0.1842,0.1997,0.2506,233.0668
2176.0,0.1722,0.1857,0.522,24.5317
2176.2,0.3213,0.2119,0.6672,184.0205
2176.4,0.2737,0.1728,0.5887,116.8761
2176.6,0.433,0.1973,0.3982,360.7331
2176.8,0.4374,0.1837,0.5293,403.8546
2177.0,0.1421,0.2574,0.2862,1202.0592
2177.2,0.2018,0.2472,0.4846,5797.8577
2177.4,0.1862,0.2567,0.416,2852.7768
2177.6,0.402,0.2035,0.3375,354.988
2177.8,0.3557,0.1797,0.5798,50.5885
2178.0,0.2517,0.1882,0.2123,85.9884
2178.2,0.3281,0.1925,0.3214,35.8179
2178.4,0.1536,0.2859,0.3009,1483.6373
2178.6,0.2035,0.2166,0.4071,518.5901
2178.8,0.131,0.2375,0.6513,1552.145
2179.0,0.3189,0.2511,0.5696,902.6519
2179.2,0.3184,0.2157,0.4928,1275.1759
2179.4,0.788,0.1266,0.5219,253.3892
2179.6,0.3548,0.2243,0.473,106.9437
2179.8,0.4374,0.1811,0.684,92.0798
2180.0,0.166,0.2365,0.2156,485.3044
2180.2,0.7019,0.1731,0.6032,62.5811
2180.4,0.3668,0.1885,0.4179,149.2816
2180.6,0.2992,0.2163,0.5483,496.936
2180.8,0.1216,,0.5239,920.9114
2181.0,0.8547,0.1213,0.6185,59.01
2181.2,0.2384,0.2559,0.6838,213.1153
2181.4,0.2778,,0.2935,454.2682
2181.6,0.2834,0.2636,0.5997,1403.591
2181.8,0.5036,0.1606,0.4912,46.2671
2182.0,0.2729,0.2035,0.4185,52.0824
2182.2,0.0766,0.2823,0.7362,5429.6099
2182.4,0.3118,0.2529,0.5615,6093.6241
2182.6,0.5272,0.2044,0.4242,366.5405
2182.8,0.2783,0.1835,0.625,117.3095
2183.0,0.243,0.2207,0.4697,1384.0186
2183.2,0.2603,0.2162,0.4173,614.08
2183.4,0.3759,0.1772,0.4087,126.3085
2183.6,0.2598,0.2357,0.5127,1653.3319
2183.8,0.103,0.2149,0.3925,118.4767
2184.0,0.2127,0.1862,0.5117,81.2437
2184.2,0.2916,0.1667,0.6219,215.6102
2184.4,0.9055,0.1802,0.5078,201.6878
2184.6,0.2242,0.2066,0.7585,635.2366
2184.8,0.2615,0.2023,0.4853,1187.7662
2185.0,0.8891,0.1056,0.711,6.1745
2185.2,0.1989,,0.5961,833.578
2185.4,0.2881,0.1739,0.7084,1725.132
2185.6,0.3607,0.1694,0.7727,67.1433
2185.8,0.8933,0.1249,0.2679,25.4549
2186.0,0.3398,0.2052,0.5194,16.188
2186.2,0.1583,0.2479,0.4496,690.0895
2186.4,0.1609,0.2102,0.4959,631.9819
2186.6,0.2138,0.2654,0.4026,1744.7998
2186.8,0.4775,0.1692,0.4206,38.3009
2187.0,0.077,0.2117,0.3258,308.4449
2187.2,0.2397,0.1879,0.5029,266.2751
2187.4,0.2966,0.1898,0.6193,222.2715
2187.6,0.4517,0.1586,0.4319,29.2618
2187.8,0.5532,0.1991,0.4388,272.4959
2188.0,0.2451,0.1901,0.3906,74.6206
2188.2,0.3701,0.1982,0.3459,22.6869
2188.4,0.2877,0.1838,0.4578,441.4513
2188.6,0.2869,0.1798,0.5405,206.8196
2188.8,0.3355,0.2374,0.6455,1057.9388
2189.0,0.0939,0.2827,0.2844,585.3646
2189.2,0.2938,0.2473,0.4612,1328.3981
2189.4,0.3586,0.1622,0.6645,456.7186
2189.6,0.7885,0.1102,0.3553,442.7799
2189.8,0.3595,0.2587,0.6383,2074.6063
2190.0,0.0753,0.2331,0.4097,752.2304
2190.2,0.857,0.1001,0.6239,6.9478
2190.4,0.4745,0.2186,0.4464,309.2927
2190.6,0.2716,0.2166,0.542,56.2579
2190.8,0.1728,0.2435,0.6923,198.3513
2191.0,0.1147,0.1724,0.4784,1797.518
2191.2,0.3508,0.1953,0.6258,63.0155
2191.4,0.4206,0.2219,0.5141,19.3481
2191.6,0.2927,0.194,0.3768,630.0634
2191.8,0.2397,0.2534,0.4427,286.5129
2192.0,0.049,0.2068,0.4526,752.5055
2192.2,0.3161,0.2058,0.2844,63.4515
2192.4,0.2104,0.2687,0.5212,519.2766
2192.6,0.2179,0.1895,0.5807,940.4967
2192.8,0.5101,0.1913,0.6016,40.1015
2193.0,0.0658,0.2578,0.6614,588.2251
2193.2,0.0832,0.2417,0.6013,783.7413
2193.4,0.3301,0.2001,0.3999,101.1893
2193.6,0.2499,0.193,0.4326,299.835
2193.8,0.2326,0.2253,0.5917,408.1074
2194.0,0.3354,0.2035,0.5376,527.401
2194.2,0.3333,0.1665,0.4953,1395.9775
2194.4,0.1734,0.2583,0.3386,15000.0
2194.6,0.2231,0.1955,0.4119,415.8889
2194.8,0.3064,0.1707,0.5777,127.2542
2195.0,0.3217,0.1915,0.2147,375.3911
2195.2,0.3628,0.1778,0.1657,124.4405
2195.4,0.2242,0.2136,0.576,43.2452
2195.6,0.3451,0.1703,0.4216,137.134
2195.8,0.4235,0.2075,0.547,1135.0708
2196.0,0.3061,0.2489,0.6856,96.6961
2196.2,0.8405,0.1437,0.3651,25.5927
2196.4,0.2694,0.1745,0.2608,75.2059
2196.6,0.2197,0.1959,0.4474,372.9913
2196.8,0.1781,0.233,0.3753,9369.8175
2197.0,0.819,0.0885,0.5255,11.5482
2197.2,0.3586,0.1689,0.5722,158.8829
2197.4,0.1844,0.1799,0.5382,174.7234
2197.6,0.2902,0.2155,0.4847,228.226
2197.8,0.2751,0.2748,0.6026,937.5057
2198.0,0.5311,,0.6,51.2358
2198.2,1.0,0.0438,0.8638,0.1305
2198.4,0.755,0.0662,0.6799,4.0318
2198.6,0.5861,0.068,0.668,0.1149
2198.8,0.8157,0.0526,0.7842,0.3181
2199.0,0.6859,0.0453,0.8225,0.2906
2199.2,0.6581,0.0772,0.8877,0.6394
2199.4,0.6245,0.0823,0.952,0.3009
2199.6,0.615,0.0866,0.9552,0.5987
2199.8,0.4792,0.0745,0.7597,0.2502
2200.0,0.4157,0.0945,0.8756,2.5784
2200.2,0.7019,0.0695,0.8398,0.2155
2200.4,0.6231,0.0825,0.6981,0.4058
2200.6,0.7728,0.0578,0.6362,0.17
2200.8,0.5254,0.0788,0.8107,0.2241
2201.0,0.4963,0.0687,0.6672,0.1147
2201.2,0.7587,0.0582,0.7294,0.5022
2201.4,0.6087,0.0762,0.7372,0.2367
2201.6,0.7698,0.0663,0.8224,0.1785
2201.8,0.6547,0.056,0.9221,0.1291
2202.0,0.9129,0.0492,0.8108,0.3161
2202.2,0.7558,0.0672,0.7539,0.3508
2202.4,0.7074,0.0832,0.6099,0.4725
2202.6,0.762,0.0567,0.8479,0.1538
2202.8,0.6118,0.0809,0.7995,0.6297
2203.0,0.42,0.0841,0.7462,0.2763
2203.2,0.7005,0.0651,0.9082,0.3511
2203.4,0.9218,0.0449,0.7042,0.2041
2203.6,0.3293,0.0858,0.7333,0.1247
2203.8,0.7157,0.0637,0.7817,1.659
2204.0,0.4351,0.0992,0.739,0.9872
2204.2,0.6467,0.0659,0.8525,0.3892
2204.4,0.6611,0.0633,0.8457,0.4214
2204.6,0.7546,0.0678,0.8968,1.8215
2204.8,0.6794,0.0711,0.846,0.9268
2205.0,0.8423,0.0587,0.7954,0.3903
2205.2,0.8133,0.064,0.7731,0.1836
2205.4,0.6225,0.0651,0.8442,0.2128
2205.6,0.8032,0.0532,0.7909,0.0623
2205.8,0.6062,0.0862,0.799,0.3638
2206.0,0.5821,0.0766,0.8445,0.6993
2206.2,0.4814,0.0913,0.8052,0.8958
2206.4,0.8337,0.0722,0.8282,0.6214
2206.6,0.608,0.0847,0.7242,0.3141
2206.8,0.311,0.0839,0.9172,0.7314
2207.0,0.7259,0.0666,0.7031,0.6623
2207.2,0.5892,0.088,0.8336,0.084
2207.4,0.6082,0.0814,0.753,0.5729
2207.6,0.6172,0.0774,0.8957,2.2261
2207.8,0.6029,0.0602,0.8847,0.2396
2208.0,1.0,0.0418,0.8124,0.0283
2208.2,0.8828,0.0571,0.9464,0.1488
2208.4,0.7479,0.0519,0.7917,0.0603
2208.6,0.6838,0.0787,0.8772,0.2556
2208.8,0.808,0.0606,0.7397,0.114
2209.0,0.6841,0.0509,0.8453,0.5412
2209.2,0.7642,0.0593,0.7216,0.5584
2209.4,0.7282,0.0647,0.8051,0.4342
2209.6,0.668,0.0706,0.7964,0.9864
2209.8,0.7816,0.0779,0.8772,0.2664
2210.0,0.3932,0.2161,0.7024,1992.8189
2210.2,0.775,,0.2875,285.1887
2210.4,0.4854,0.1354,0.3423,68.0653
2210.6,0.4849,0.191,0.3983,2298.3584
2210.8,0.2418,0.2196,0.4759,635.2221
2211.0,0.305,0.1886,0.5101,557.9425
2211.2,0.1995,0.2719,0.3352,13392.2083
2211.4,0.6826,0.1628,0.3337,288.6483
2211.6,0.0995,0.2586,0.3558,4704.5595
2211.8,0.5445,0.1927,0.1924,916.0526
2212.0,0.4846,0.1668,0.4586,454.9482
2212.2,0.0914,0.2521,0.4658,4108.1777
2212.4,0.5856,0.1701,0.5886,556.5241
2212.6,0.3334,0.1861,0.5328,746.1008
2212.8,0.1422,0.1981,0.8208,463.3909
2213.0,0.4456,0.1838,0.6499,190.063
2213.2,0.232,,0.618,4764.6207
2213.4,0.3431,0.1989,0.5633,2257.6429
2213.6,0.289,0.2021,0.5928,1384.165
2213.8,0.2218,0.2174,0.4505,2026.8208
2214.0,0.1661,0.2179,0.508,752.871
2214.2,0.5234,0.2102,0.839,181.509
2214.4,0.4385,0.191,0.4882,651.309
2214.6,0.4269,0.1738,0.2679,111.6176
2214.8,0.3144,0.1576,0.6396,396.742
2215.0,0.3892,,0.6601,2041.8145
2215.2,0.2475,0.1985,0.5256,585.2385
2215.4,0.2444,0.198,0.1599,605.8262
2215.6,0.7341,,0.7434,176.1452
2215.8,0.7059,0.1461,0.5601,264.6055
2216.0,0.2789,0.1661,0.4549,412.5231
2216.2,0.1107,0.2489,0.6915,1516.5041
2216.4,0.0738,0.1994,0.133,2053.8258
2216.6,0.2658,0.2275,0.5064,15000.0
2216.8,0.3994,0.1782,0.4086,1502.5077
2217.0,0.4013,0.192,0.769,746.5049
2217.2,0.8268,0.1254,0.5708,136.8062
2217.4,0.4402,0.1803,0.3495,401.1026
2217.6,0.1931,0.2263,0.6916,1264.8877
2217.8,0.6514,0.1543,0.0728,680.8803
2218.0,0.3445,0.2451,0.5706,7020.9643
2218.2,0.4331,0.1906,0.2736,307.3847
2218.4,0.2619,0.2169,0.4072,2061.0058
2218.6,0.4361,0.1669,0.4671,1057.4584
2218.8,0.7539,0.1464,0.6824,194.2323
2219.0,0.2019,0.1941,0.8962,726.6213
2219.2,0.1792,0.2519,0.1561,6519.4438
2219.4,0.2244,0.1792,0.5858,1059.5402
2219.6,0.32,0.1809,0.9013,871.1865
2219.8,0.2861,0.1663,0.4075,523.3891
2220.0,0.1927,0.2316,0.3703,3044.2753
2220.2,0.3711,0.1837,0.5462,529.6433
2220.4,0.661,0.168,0.6592,180.622
2220.6,0.353,0.1727,0.6265,142.69
2220.8,0.3626,0.2089,0.4291,2024.1592
2221.0,0.4417,0.1982,0.3534,1043.4461
2221.2,0.4966,0.1808,0.7418,887.8095
2221.4,0.6272,0.1567,0.3751,171.2118
2221.6,0.4232,0.1899,0.1563,842.0591
2221.8,0.3795,,0.2475,502.1952
2222.0,0.2015,0.1929,0.3963,2341.2005
2222.2,0.5132,0.1866,0.7712,1415.5027
2222.4,0.228,0.2066,0.2807,650.7965
2222.6,0.2224,0.228,0.76,3049.9981
2222.8,0.4148,0.2266,0.7218,1073.3688
2223.0,0.6575,0.1399,0.5618,26.6015
2223.2,0.5108,0.1584,0.055,1400.5554
2223.4,0.3732,0.1859,0.2897,517.3018
2223.6,0.2033,0.2205,0.375,3882.0515
2223.8,0.654,0.1673,0.8218,256.0651
2224.0,0.3698,,0.3972,446.0935
2224.2,0.3278,0.2528,0.337,2451.7951
2224.4,0.4799,0.1885,0.5357,916.8036
2224.6,0.7931,0.1506,0.2633,329.4194
2224.8,0.2445,,0.4878,2045.0285
2225.0,0.2617,0.236,0.339,1669.865
2225.2,0.2612,0.2057,0.9787,1193.0233
2225.4,0.1771,0.2073,0.3291,610.3186
2225.6,0.157,0.2491,0.825,11328.8047
2225.8,0.7902,0.13,0.32,58.9484
2226.0,0.5004,0.1811,0.5521,319.2363
2226.2,0.2319,0.2398,0.5714,1946.2124
2226.4,0.5399,0.1725,0.5337,3415.7896
2226.6,0.4357,0.1809,0.5193,1144.1466
2226.8,0.3217,0.1884,0.6569,374.2656
2227.0,0.1594,0.2526,0.5513,7358.6954
2227.2,0.4415,0.1752,0.476,809.3864
2227.4,0.7158,0.1414,0.3993,282.3189
2227.6,0.3826,0.1998,0.4675,1742.2352
2227.8,0.5598,0.1731,0.4759,530.2626
2228.0,0.3419,0.2241,0.452,2110.7014
2228.2,0.5459,,0.5244,122.0366
2228.4,0.7946,0.1652,0.2574,1325.7955
2228.6,0.0,0.2438,0.2947,2113.3192
2228.8,0.2501,0.2218,0.6382,640.156
2229.0,0.4038,0.1848,0.0982,453.5941
2229.2,0.5749,0.2161,0.7062,1034.3202
2229.4,0.3524,0.1884,0.4012,390.5997
2229.6,0.3854,0.1857,0.8034,1302.4699
2229.8,0.2743,0.2117,0.7132,2950.8025
2230.0,0.725,0.1346,0.4644,39.328
2230.2,0.6501,0.1603,0.4728,241.8844
2230.4,0.2583,0.242,0.7672,2026.5494
2230.6,0.107,0.2376,0.7113,2257.521
2230.8,0.0547,0.2464,0.6537,12812.1785
2231.0,0.4886,0.171,0.7148,248.8966
2231.2,0.4043,0.1767,0.3108,1953.3874
2231.4,0.2393,0.2165,0.5275,1350.7199
2231.6,0.4289,,0.3642,2480.0332
2231.8,0.1585,0.2556,0.2746,3178.473
2232.0,0.5231,,0.5477,187.6432
2232.2,0.3112,0.2397,0.4068,2682.9959
2232.4,0.1853,0.2185,0.4599,4530.0912
2232.6,0.3139,0.2066,0.4045,1343.5726
2232.8,0.3077,0.1772,0.2805,664.7319
2233.0,0.4457,0.1972,0.8037,1555.8026
2233.2,0.5899,0.1375,0.5502,101.0798
2233.4,0.5805,0.1723,0.2487,649.5691
2233.6,0.4087,0.1956,0.5317,538.958
2233.8,0.3463,0.1899,0.7751,2535.086
2234.0,0.2776,0.1567,0.6871,468.2399
2234.2,0.0618,0.2948,0.3659,15000.0
2234.4,0.3765,0.1672,0.4213,84.1471
2234.6,0.2268,0.2228,0.3158,3148.5599
2234.8,0.5993,0.1419,0.3869,198.7547
2235.0,0.3439,0.2246,0.3684,585.8814
2235.2,0.5145,0.1633,0.2476,426.579
2235.4,0.7394,0.1203,0.4492,39.06
2235.6,0.2584,0.2261,0.5487,3170.6361
2235.8,0.4889,0.1449,0.4447,786.1021
2236.0,0.43,0.1752,0.5463,125.9482
2236.2,0.438,0.2016,0.7885,1015.3792
2236.4,0.3631,0.2332,0.8143,2030.1232
2236.6,0.5221,0.1476,0.5059,53.3996
2236.8,0.4961,0.1603,0.6715,765.7732
2237.0,0.0,0.2588,0.4437,7342.3742
2237.2,0.3337,0.15,0.4294,1443.1227
2237.4,0.5627,0.1995,0.2964,1474.4404
2237.6,0.1965,0.1955,0.5146,439.8355
2237.8,0.0754,0.2278,0.6813,3057.5348
2238.0,0.8457,0.1297,0.2959,474.2995
2238.2,0.4737,0.1802,0.4534,416.6075
2238.4,0.2971,0.1813,0.4443,1239.1203
2238.6,0.813,0.1711,0.5532,72.0577
2238.8,0.7119,0.0788,0.593,152.6006
2239.0,0.0335,0.2169,0.5871,2926.3868
2239.2,0.3109,0.1874,0.8437,93.6276
2239.4,0.0,0.2263,0.33,2647.0422
2239.6,0.8341,0.1554,0.3485,65.1319
2239.8,0.2576,0.1699,0.5538,285.0972
2240.0,0.2944,0.2448,0.7408,5373.0439
2240.2,0.7285,,0.2605,167.4763
2240.4,0.1409,0.1948,0.5589,2415.9559
2240.6,0.0957,0.1831,0.4677,686.5756
2240.8,0.0,0.2446,0.6331,3004.2198
2241.0,0.6087,0.1411,0.6338,545.8643
2241.2,0.5669,0.1709,0.5176,364.3563
2241.4,0.3271,0.1897,0.5891,754.3435
2241.6,0.1505,0.2513,0.3582,3998.7826
2241.8,0.5301,0.1669,0.6545,409.6968
2242.0,0.8758,0.108,0.7836,247.9493
2242.2,0.3376,0.2237,0.5058,1064.7889
2242.4,0.1635,0.2312,0.4113,1128.2409
2242.6,0.6035,0.1788,0.4795,248.6869
2242.8,0.1762,0.2523,0.6184,669.2517
2243.0,0.314,0.1956,0.4914,2954.0439
2243.2,0.0,0.251,0.2609,1758.9068
2243.4,0.3254,0.2223,0.6597,1450.8079
2243.6,0.1499,0.1662,0.3338,1492.8495
2243.8,0.6066,0.1565,0.591,296.1285
2244.0,0.2043,0.2137,0.1558,2143.4714
2244.2,0.5204,0.1813,0.5241,198.1771
2244.4,0.3611,0.1758,0.4946,1672.1902
2244.6,0.4026,0.217,0.1363,1394.6186
2244.8,0.474,0.1605,0.5729,161.6637
2245.0,0.3704,0.183,0.3058,285.7508
2245.2,0.2634,0.1939,0.5149,3343.3105
2245.4,0.2338,0.2457,0.4048,1982.5645
2245.6,0.4716,0.1271,0.2599,70.7117
2245.8,0.0377,0.289,0.2734,6724.0979
2246.0,0.6821,0.1845,0.3296,700.878
2246.2,0.8791,0.104,0.7124,99.3725
2246.4,0.3193,0.2278,0.6365,2891.5818
2246.6,0.4279,0.1891,0.8966,916.0388
2246.8,0.273,0.2504,0.3849,6033.3096
2247.0,0.348,0.2216,0.3906,1386.273
2247.2,0.1763,0.2784,0.4901,15000.0
2247.4,0.4475,0.1438,0.4557,162.5755
2247.6,0.3659,0.1999,0.3924,2966.6012
2247.8,0.4137,0.1448,0.5291,152.5945
2248.0,0.647,0.14,0.6479,69.2058
2248.2,0.2352,0.271,0.0886,1574.0676
2248.4,0.3568,0.2082,0.3909,1571.869
2248.6,0.0827,0.2622,0.2198,12328.3482
2248.8,0.479,0.191,0.4731,314.859
2249.0,0.3769,0.2047,0.5732,555.8362
2249.2,0.3831,0.1795,0.7065,811.6099
2249.4,0.3517,0.1795,0.4273,594.251
2249.6,0.2759,0.1949,0.5184,547.933
2249.8,0.8293,0.0573,0.2515,9.6179
2250.0,0.3869,0.1899,0.3463,993.7234
2250.2,0.4334,0.191,0.5381,1347.1603
2250.4,0.1749,0.2083,0.2493,1833.3052
2250.6,0.5393,0.1658,0.7335,429.9971
2250.8,0.782,0.1458,0.6131,108.2988
2251.0,0.4602,0.2031,0.3331,1393.183
2251.2,0.5424,0.1387,0.2549,256.7728
2251.4,0.3613,0.1759,0.3774,188.6566
2251.6,0.2581,0.2301,0.3233,1680.0088
2251.8,0.0,0.2647,0.2523,6921.9364
2252.0,0.8349,0.1584,0.2606,327.1752
2252.2,0.2572,0.244,0.4381,627.7581
2252.4,0.1743,0.2842,0.5953,5040.262
2252.6,0.6416,0.1464,0.3906,145.719
2252.8,0.5569,0.2059,0.5749,1823.7962
2253.0,0.0506,0.2194,0.4304,13270.6565
2253.2,0.4077,0.2487,0.5879,3824.7262
2253.4,0.2329,0.2264,0.3451,743.8313
2253.6,0.446,0.1966,0.5491,807.1246
2253.8,0.2361,0.2393,0.5031,2731.7869
2254.0,0.283,0.1737,0.7529,944.4208
2254.2,0.8024,0.1028,0.6367,231.8211
2254.4,0.5275,0.1738,0.5538,1578.7822
2254.6,0.6517,0.1609,0.2483,572.5158
2254.8,0.3409,0.2509,0.3823,3629.8457
2255.0,0.118,0.2086,0.3497,4106.6937
2255.2,0.5458,0.2066,0.3466,893.9291
2255.4,0.5469,0.1613,0.5155,392.361
2255.6,0.4931,0.169,0.5529,375.2594
2255.8,0.803,0.1254,0.5774,27.1638
2256.0,0.1873,0.2143,0.7185,4001.2168
2256.2,0.4765,0.1907,0.588,1361.5963
2256.4,0.2205,0.2071,0.2734,177.0414
2256.6,0.3246,0.1661,0.5472,948.869
2256.8,0.9032,0.1078,0.6393,75.8431
2257.0,0.7632,0.1469,0.7456,578.4543
2257.2,0.5227,,0.4948,213.0381
2257.4,0.2608,0.2254,0.461,637.7167
2257.6,0.25,0.242,0.6746,2960.7182
2257.8,0.5088,0.2107,0.5251,635.2327
2258.0,0.6495,0.161,0.2251,139.0726
2258.2,0.2879,0.1617,0.1862,762.3193
2258.4,0.2978,0.2215,0.8199,2364.8647
2258.6,0.3958,0.2148,0.1828,4864.8658
2258.8,0.13,0.2131,0.4619,1013.7743
2259.0,0.1355,0.2279,0.645,932.0472
2259.2,0.1683,,0.1648,4254.4686
2259.4,0.4783,0.2229,0.2933,913.1217
2259.6,0.429,0.1793,0.2811,460.5648
2259.8,0.5847,0.1846,0.8276,1033.2481
2260.0,0.0673,0.2478,0.8413,3032.8295
2260.2,0.107,0.2389,0.3495,1808.4638
2260.4,0.8713,0.1526,0.6205,97.1231
2260.6,0.223,0.1958,0.5543,1911.0134
2260.8,0.2361,0.2203,0.4385,1244.0659
2261.0,0.5623,0.1663,0.2178,701.4897
2261.2,0.2805,0.1703,0.9244,696.4979
2261.4,0.3015,0.2356,0.1561,5934.4074
2261.6,0.335,0.2205,0.5272,1389.3373
2261.8,0.3459,0.199,0.381,735.9921
2262.0,0.5033,0.168,0.6915,181.8867
2262.2,0.1622,0.2257,0.6392,1237.3841
2262.4,0.3461,0.2158,0.3147,1962.4782
2262.6,0.5892,0.1629,0.3698,202.4662
2262.8,0.7243,0.1247,0.2483,191.3843
2263.0,0.1358,0.2167,0.5256,4980.5467
2263.2,0.4396,0.1838,0.6317,462.9485
2263.4,0.3458,0.1748,0.4278,183.2191
2263.6,0.3622,0.204,0.4515,793.0772
2263.8,0.2379,0.1945,0.8428,276.3728
2264.0,0.516,0.1487,0.6862,799.9472
2264.2,0.5068,0.2538,0.7183,4183.8348
2264.4,0.8341,0.1734,0.1043,283.2737
2264.6,0.1422,0.2323,0.5828,1442.1013
2264.8,0.0654,0.2615,0.5179,1829.8653
2265.0,0.7165,0.1681,0.2846,1005.7984
2265.2,0.3707,0.1925,0.3123,3636.4996
2265.4,0.2978,0.2124,0.4529,410.6713
2265.6,0.4139,0.1814,0.2631,1445.8951
2265.8,0.1289,0.2621,0.3286,3949.4151
2266.0,0.4477,0.2146,0.4083,4018.6966
2266.2,0.3656,0.2342,0.5867,542.6573
2266.4,0.5733,0.1707,0.3817,570.329
2266.6,0.5343,0.2241,0.4071,1323.8802
2266.8,0.5493,0.1657,0.6953,713.5193
2267.0,0.4144,0.239,0.164,2822.4565
2267.2,0.6688,0.1381,0.5629,212.2713
2267.4,0.4837,0.145,0.5893,228.014
2267.6,0.284,0.2581,0.549,15000.0
2267.8,0.2343,0.2314,0.3944,1921.7751
2268.0,0.2546,0.2248,0.2956,3759.479
2268.2,0.486,0.1681,0.7835,739.5438
2268.4,0.1403,0.2078,0.3399,2495.5038
2268.6,0.4079,0.1701,0.3081,206.7529
2268.8,0.2301,0.219,0.4933,2857.4235
2269.0,0.1544,0.2231,0.3549,2353.8351
2269.2,0.1835,0.174,0.6968,198.2691
2269.4,0.3757,0.236,0.4351,2096.5797
2269.6,0.7222,0.1312,0.7372,1111.4579
2269.8,0.2583,0.2422,0.5611,2124.1416
2270.0,0.0063,0.2314,0.4148,1647.5347
2270.2,0.9478,0.1117,0.733,153.636
2270.4,0.5812,0.1871,0.3852,466.7618
2270.6,0.5478,0.1887,0.4441,840.8467
2270.8,0.673,0.1423,0.6155,161.701
2271.0,0.3966,0.2032,0.5367,1501.2642
2271.2,0.3557,0.2135,0.3705,1340.6646
2271.4,0.624,0.1527,0.2396,1454.9458
2271.6,0.6228,0.1287,0.5224,170.6728
2271.8,0.4907,0.1608,0.382,309.4709
2272.0,0.919,0.1027,0.5415,194.8591
2272.2,0.157,0.2271,0.4106,647.4436
2272.4,0.3337,0.2398,0.3521,10702.272
2272.6,0.6867,0.1697,0.4611,209.1975
2272.8,0.5248,0.1509,0.5036,753.4404
2273.0,0.1168,0.2784,0.5909,15000.0
2273.2,0.2844,0.2054,0.5712,749.9411
2273.4,0.6574,0.1682,0.8869,316.093
2273.6,0.4619,,0.5398,310.0037
2273.8,0.904,0.1031,0.4148,141.7821
2274.0,0.4182,0.2132,0.462,625.4035
2274.2,0.365,0.1733,0.6102,465.4775
2274.4,0.2856,0.2085,0.6744,964.2143
2274.6,0.23,0.2273,0.7278,789.0726
2274.8,0.5619,0.1401,0.3381,94.5964
2275.0,0.4228,0.1421,0.7509,256.1617
2275.2,0.5073,0.1966,0.4903,1002.8127
2275.4,0.4784,0.2498,0.3104,1908.4094
2275.6,0.6336,0.1664,0.4739,455.548
2275.8,0.4618,0.197,0.7163,550.1652
2276.0,0.5282,0.1487,0.6,781.1779
2276.2,0.4101,0.2252,0.2689,1743.5477
2276.4,0.8541,0.1125,0.3154,263.7702
2276.6,0.3394,0.2282,0.2641,521.9022
2276.8,0.4862,0.1923,0.3686,1066.0286
2277.0,0.502,0.1905,0.5149,1270.7948
2277.2,0.6412,0.1687,0.307,404.5244
2277.4,0.2972,0.2195,0.4123,1060.211
2277.6,0.4207,0.194,0.752,758.4925
2277.8,0.3568,0.2207,0.7801,3074.4623
2278.0,0.6724,0.131,0.8039,65.6492
2278.2,0.4478,0.1769,0.1834,978.7924
2278.4,0.4512,0.219,0.7909,2092.4776
2278.6,0.3736,0.1983,0.5144,776.002
2278.8,0.3395,0.1909,0.5149,666.638
2279.0,0.1192,0.258,0.6592,4565.5705
2279.2,0.153,0.248,0.6046,12834.7519
2279.4,0.4122,0.1557,0.1786,430.7584
2279.6,0.3897,0.2098,0.383,599.386
2279.8,0.7985,0.1337,0.4578,131.2062
2280.0,0.5495,0.1854,0.2636,274.5225
2280.2,0.3967,0.1908,0.6804,172.55
2280.4,0.3173,,0.7506,558.9629
2280.6,0.3422,0.1529,0.5141,334.0911
2280.8,0.4239,0.164,0.5653,1122.891
2281.0,0.3116,0.2218,0.4865,3871.766
2281.2,0.5716,0.2298,0.5031,838.3567
2281.4,0.378,0.2025,0.6974,559.9788
2281.6,0.4253,0.1689,0.1919,213.4006
2281.8,0.233,0.2184,0.5773,199.1567
2282.0,0.5717,0.1419,0.5226,200.6161
2282.2,0.639,0.1854,0.3746,1319.6777
2282.4,0.1346,0.231,0.3942,1789.5342
2282.6,0.4522,0.2085,0.8236,446.5112
2282.8,0.3606,0.1921,0.2614,414.045
2283.0,0.4311,0.2139,0.4613,1090.3957
2283.2,0.4614,0.1402,0.8144,409.0877
2283.4,0.0,0.2506,0.2483,3109.8909
2283.6,0.5167,0.186,0.4207,1169.6005
2283.8,0.5802,0.1563,0.5223,309.2801
2284.0,0.6005,0.1689,0.5839,550.7752
2284.2,0.7187,0.1508,0.5024,134.6665
2284.4,0.3744,0.2201,0.328,956.2741
2284.6,0.283,0.2231,0.5685,652.2955
2284.8,0.0353,0.2545,0.4573,6463.4235
2285.0,0.2683,0.2317,0.5975,1767.0029
2285.2,0.1849,0.1884,0.6681,41.0885
2285.4,0.4402,0.1652,0.2436,609.7292
2285.6,0.0863,0.2024,0.6822,2331.0051
2285.8,0.2037,0.2332,0.4381,1204.1837
2286.0,0.2865,0.2174,0.6388,2286.5432
2286.2,0.8806,0.1525,0.6051,253.8437
2286.4,0.88,0.1268,0.8602,28.41
2286.6,0.4346,0.169,0.5107,2201.9276
2286.8,0.1942,0.2242,0.4149,1567.0587
2287.0,0.2578,0.1645,0.4191,478.0213
2287.2,0.4985,0.165,0.3245,249.2801
2287.4,0.1377,0.1707,0.6544,374.8647
2287.6,0.5774,0.1716,0.3103,554.8804
2287.8,0.4292,0.1786,0.6496,251.2473
2288.0,0.3575,0.1931,0.4597,3285.9283
2288.2,0.0767,0.2152,0.1737,2887.8651
2288.4,0.7417,0.122,0.7963,210.4683
2288.6,0.2429,0.2309,0.0,1950.0609
2288.8,0.4077,0.1529,0.5013,164.4401
2289.0,0.3517,0.2099,0.5354,2946.2668
2289.2,0.0949,0.2155,0.0759,2421.2812
2289.4,0.3385,0.1572,0.5937,245.1546
2289.6,0.1621,0.2563,0.3541,1738.2657
2289.8,0.2626,0.2438,0.4349,852.3315
2290.0,0.4579,0.1678,0.7518,453.0135
2290.2,0.5064,,0.5388,299.3611
2290.4,0.3767,0.1872,0.4392,1881.0372
2290.6,0.2209,0.1966,0.4679,2041.9011
2290.8,0.2635,0.1946,0.819,900.7124
2291.0,0.2603,0.2222,0.5612,1643.6613
2291.2,0.76,0.1878,0.343,290.4348
2291.4,0.3932,0.1822,0.4164,1496.3689
2291.6,0.0801,0.2636,0.2576,4778.8404
2291.8,0.3937,0.1998,0.416,1619.062
2292.0,0.1173,0.1906,0.7904,2034.5531
2292.2,0.1629,0.225,0.4573,1192.8202
2292.4,0.5004,0.1712,0.2681,247.3924
2292.6,0.3844,0.229,0.5632,15000.0
2292.8,0.0407,0.2815,0.3939,12728.5647
2293.0,0.2794,0.2175,0.5913,1244.7249
2293.2,0.4272,0.2163,0.4471,4102.8541
2293.4,0.2685,0.2061,0.7549,909.4742
2293.6,0.3182,0.2302,0.3212,2796.7836
2293.8,0.4239,0.1889,0.2919,477.773
2294.0,0.388,0.2192,0.6583,1605.6245
2294.2,0.2014,0.2498,0.1166,2828.8728
2294.4,0.384,0.2103,0.4621,708.3402
2294.6,0.3283,0.1822,0.6484,775.1871
2294.8,0.6903,0.1359,0.1278,117.972
2295.0,0.3614,0.2146,0.503,2301.8725
2295.2,0.4043,0.2117,0.2233,1052.0206
2295.4,0.4268,0.1899,0.1691,193.8054
2295.6,0.322,0.1939,0.3078,1412.9971
2295.8,0.2504,0.2172,0.4573,2585.8786
2296.0,0.4628,0.1736,0.3807,3152.1827
2296.2,0.4642,0.1735,0.7071,519.0057
2296.4,0.7549,0.1858,0.5177,808.4377
2296.6,0.5136,0.1611,0.4248,548.5929
2296.8,0.5167,0.1852,0.2673,1563.2615
2297.0,0.5092,0.1774,0.5466,1221.5367
2297.2,0.2557,,0.8754,798.5464
2297.4,0.1536,0.1954,0.3725,867.5547
2297.6,0.1994,0.2181,0.3846,3116.6739
2297.8,0.5038,0.1256,0.336,143.0775
2298.0,0.6359,0.2004,0.7102,357.215
2298.2,0.5121,0.1641,0.6784,120.262
2298.4,0.35,0.1864,0.4223,559.8341
2298.6,0.6818,0.1783,0.398,635.8568
2298.8,0.3001,0.2015,0.3267,7608.127
2299.0,0.1733,0.2403,0.429,2517.8477
2299.2,0.4255,0.1719,0.692,508.9918
2299.4,0.6125,0.1593,0.521,257.2143
2299.6,0.2281,0.24,0.713,4534.4249
2299.8,0.0731,0.2175,0.3606,1951.8443
2300.0,0.3868,0.2052,0.0788,681.571
2300.2,0.5189,0.1118,1.0,47.3512
2300.4,0.0,,0.5032,5717.2267
2300.6,0.5559,0.1527,0.6563,152.9422
2300.8,0.134,0.2278,0.3443,1676.782
2301.0,0.5105,0.171,0.2635,537.4106
2301.2,0.885,0.0929,0.5679,44.2883
2301.4,0.1145,0.2065,0.1361,3809.8447
2301.6,0.4914,0.1893,0.4534,1942.6678
2301.8,0.5988,0.1744,0.6915,434.3737
2302.0,0.3784,0.1711,0.5895,221.2109
2302.2,0.8112,0.1419,0.5663,223.845
2302.4,0.1959,0.2346,0.7973,2154.4204
2302.6,0.1936,0.2115,0.5602,1272.0965
2302.8,0.3256,0.1688,0.1669,329.4111
2303.0,0.317,0.2015,0.4698,445.9435
2303.2,0.431,0.1945,0.846,894.1588
2303.4,0.2463,0.2116,0.4369,1010.7354
2303.6,0.4822,0.1629,0.8476,316.1085
2303.8,0.4778,0.19,0.6855,837.2422
2304.0,0.6704,0.1811,0.4312,585.4834
2304.2,0.2917,0.187,0.3079,762.267
2304.4,0.4407,0.1765,0.5678,399.9017
2304.6,0.4891,0.2452,0.7078,4202.2298
2304.8,0.3787,0.2005,0.2129,567.4218
2305.0,0.3419,0.167,0.5321,180.5982
2305.2,0.0085,0.2368,0.115,1239.1074
2305.4,0.395,0.1718,0.4473,283.9472
2305.6,0.4872,0.1864,0.2048,251.197
2305.8,0.3696,0.2023,0.5975,270.6132
2306.0,0.2392,0.1982,0.3739,1433.8808
2306.2,0.0777,0.2847,0.6717,15000.0
2306.4,0.4616,0.1829,0.4068,1016.3654
2306.6,0.386,0.1807,0.3912,415.6719
2306.8,0.6302,0.1249,0.2365,37.4648
2307.0,0.1191,0.2098,0.5637,1494.8266
2307.2,0.2953,0.1745,0.596,143.7036
2307.4,0.7566,0.1317,0.6937,165.5201
2307.6,0.5646,0.1432,0.6379,124.5267
2307.8,0.603,0.1791,0.5778,93.8412
2308.0,0.7261,0.1265,0.6339,512.225
2308.2,0.4739,0.1999,0.6227,362.7946
2308.4,0.5221,0.184,0.667,500.2806
2308.6,0.4585,0.1974,0.2233,843.059
2308.8,0.4832,0.1999,0.4141,683.4958
2309.0,0.3888,0.2415,0.1884,4160.9383
2309.2,0.4914,0.1551,0.575,176.3576
2309.4,0.7652,0.1564,0.808,450.5466
2309.6,0.4194,0.197,0.6597,1199.5315
2309.8,0.3843,0.2189,0.3804,532.1806
2310.0,0.4157,0.1904,0.592,948.8233
